FrameSync,DateTime (UTC+00:00),DateTime (AST),Sample Number (#),Error Flags (#),External pH (pH),Internal pH (pH),External pH (Volt),Internal pH (Volt),pH Temperature (Celsius),Relative Humidity (%),Int Temperature (Celsius)
SEAFET02114,5/20/23 0:00,5/19/23 20:00,1,8000,6.7792,6.8202,-0.899037,-0.946974,30.5978,56,30.8
SEAFET02114,5/20/23 0:15,5/19/23 20:15,2,0,6.7788,6.8205,-0.89901,-0.94694,30.6538,56,30.7
SEAFET02114,5/20/23 0:30,5/19/23 20:30,3,0,6.7786,6.82,-0.898996,-0.946959,30.6867,56.1,30.7
SEAFET02114,5/20/23 0:45,5/19/23 20:45,4,0,6.778,6.8196,-0.899021,-0.94698,30.6994,56.1,30.5
SEAFET02114,5/20/23 1:00,5/19/23 21:00,5,0,6.7776,6.8194,-0.899051,-0.946992,30.6948,56.2,30.5
SEAFET02114,5/20/23 1:15,5/19/23 21:15,6,0,6.7779,6.8204,-0.899049,-0.946939,30.6758,56.2,30.4
SEAFET02114,5/20/23 1:30,5/19/23 21:30,7,0,6.7788,6.8216,-0.899021,-0.946877,30.6437,56.2,30.3
SEAFET02114,5/20/23 1:45,5/19/23 21:45,8,0,6.7789,6.8214,-0.899048,-0.946902,30.6015,56.2,30.2
SEAFET02114,5/20/23 2:00,5/19/23 22:00,9,0,6.7798,6.8219,-0.899039,-0.94688,30.5517,56.2,30.2
SEAFET02114,5/20/23 2:15,5/19/23 22:15,10,0,6.7795,6.8214,-0.899103,-0.946927,30.4943,56.2,30.1
SEAFET02114,5/20/23 2:30,5/19/23 22:30,11,0,6.7801,6.8221,-0.899117,-0.946905,30.4304,56.2,30
SEAFET02114,5/20/23 2:45,5/19/23 22:45,12,0,6.7806,6.8224,-0.899142,-0.946904,30.3612,56.2,29.9
SEAFET02114,5/20/23 3:00,5/19/23 23:00,13,0,6.7811,6.8232,-0.899171,-0.946879,30.2872,56.1,29.8
SEAFET02114,5/20/23 3:15,5/19/23 23:15,14,0,6.7812,6.8234,-0.899227,-0.946887,30.2111,56.1,29.7
SEAFET02114,5/20/23 3:30,5/19/23 23:30,15,0,6.782,6.824,-0.899245,-0.94687,30.1315,56.2,29.6
SEAFET02114,5/20/23 3:45,5/19/23 23:45,16,0,6.7824,6.8245,-0.89929,-0.946863,30.0509,56.1,29.6
SEAFET02114,5/20/23 4:00,5/20/23 0:00,17,0,6.7828,6.8251,-0.899329,-0.94685,29.9691,56.1,29.5
SEAFET02114,5/20/23 4:15,5/20/23 0:15,18,0,6.7841,6.8258,-0.899321,-0.946834,29.8848,56.1,29.3
SEAFET02114,5/20/23 4:30,5/20/23 0:30,19,0,6.7846,6.8265,-0.899361,-0.946813,29.801,56.1,29.3
SEAFET02114,5/20/23 4:45,5/20/23 0:45,20,0,6.7855,6.8276,-0.899377,-0.946769,29.7147,56.1,29.2
SEAFET02114,5/20/23 5:00,5/20/23 1:00,21,0,6.7859,6.8279,-0.899423,-0.946775,29.6276,56.1,29.1
SEAFET02114,5/20/23 5:15,5/20/23 1:15,22,0,6.7872,6.8289,-0.899417,-0.946743,29.5387,56,29
SEAFET02114,5/20/23 5:30,5/20/23 1:30,23,0,6.7878,6.8295,-0.899457,-0.946732,29.4488,56,28.9
SEAFET02114,5/20/23 5:45,5/20/23 1:45,24,0,6.7891,6.8306,-0.899453,-0.946687,29.3583,56,28.8
SEAFET02114,5/20/23 6:00,5/20/23 2:00,25,0,6.7899,6.8315,-0.899478,-0.946658,29.2686,56,28.7
SEAFET02114,5/20/23 6:15,5/20/23 2:15,26,0,6.7911,6.8323,-0.899479,-0.946638,29.1785,55.9,28.7
SEAFET02114,5/20/23 6:30,5/20/23 2:30,27,0,6.7917,6.8329,-0.899515,-0.946625,29.0883,55.9,28.6
SEAFET02114,5/20/23 6:45,5/20/23 2:45,28,0,6.7931,6.8341,-0.899503,-0.94658,28.9973,55.9,28.5
SEAFET02114,5/20/23 7:00,5/20/23 3:00,29,0,6.794,6.8349,-0.899522,-0.946558,28.9071,55.9,28.4
SEAFET02114,5/20/23 7:15,5/20/23 3:15,30,0,6.7949,6.8353,-0.899547,-0.946556,28.8169,55.9,28.3
SEAFET02114,5/20/23 7:30,5/20/23 3:30,31,0,6.7961,6.8368,-0.899545,-0.946495,28.7267,55.9,28.2
SEAFET02114,5/20/23 7:45,5/20/23 3:45,32,0,6.7967,6.8371,-0.899584,-0.946501,28.6347,55.8,28.1
SEAFET02114,5/20/23 8:00,5/20/23 4:00,33,0,6.7983,6.8383,-0.899561,-0.946456,28.5433,55.8,28
SEAFET02114,5/20/23 8:15,5/20/23 4:15,34,0,6.7985,6.8379,-0.899627,-0.946505,28.4503,55.8,28
SEAFET02114,5/20/23 8:30,5/20/23 4:30,35,0,6.8003,6.8393,-0.899594,-0.946448,28.3573,55.8,27.8
SEAFET02114,5/20/23 8:45,5/20/23 4:45,36,0,6.8014,6.8402,-0.899606,-0.946417,28.2646,55.8,27.8
SEAFET02114,5/20/23 9:00,5/20/23 5:00,37,0,6.802,6.8409,-0.899643,-0.9464,28.1705,55.7,27.7
SEAFET02114,5/20/23 9:15,5/20/23 5:15,38,0,6.8029,6.8417,-0.899668,-0.946383,28.077,55.7,27.6
SEAFET02114,5/20/23 9:30,5/20/23 5:30,39,0,6.8042,6.8425,-0.899662,-0.946359,27.9844,55.7,27.5
SEAFET02114,5/20/23 9:45,5/20/23 5:45,40,0,6.8052,6.8432,-0.899679,-0.94634,27.8923,55.7,27.4
SEAFET02114,5/20/23 10:00,5/20/23 6:00,41,0,6.8057,6.843,-0.899723,-0.94638,27.8013,55.7,27.3
SEAFET02114,5/20/23 10:15,5/20/23 6:15,42,0,6.8071,6.8438,-0.899712,-0.946357,27.7116,55.6,27.2
SEAFET02114,5/20/23 10:30,5/20/23 6:30,43,0,6.8085,6.8447,-0.899702,-0.946326,27.6234,55.6,27.2
SEAFET02114,5/20/23 10:45,5/20/23 6:45,44,0,6.8088,6.8442,-0.899754,-0.946384,27.537,55.6,27.1
SEAFET02114,5/20/23 11:00,5/20/23 7:00,45,0,6.8097,6.845,-0.899768,-0.946358,27.4525,55.6,27
SEAFET02114,5/20/23 11:15,5/20/23 7:15,46,0,6.811,6.8463,-0.899755,-0.946304,27.3727,55.5,27
SEAFET02114,5/20/23 11:30,5/20/23 7:30,47,0,6.812,6.8467,-0.89975,-0.946298,27.3021,55.5,26.9
SEAFET02114,5/20/23 11:45,5/20/23 7:45,48,0,6.8135,6.8475,-0.899711,-0.946267,27.2408,55.4,27
SEAFET02114,5/20/23 12:00,5/20/23 8:00,49,0,6.8143,6.8475,-0.899711,-0.946285,27.1804,55.4,26.9
SEAFET02114,5/20/23 12:15,5/20/23 8:15,50,0,6.8149,6.8474,-0.899717,-0.946306,27.1276,55.3,26.9
SEAFET02114,5/20/23 12:30,5/20/23 8:30,51,0,6.8159,6.848,-0.899686,-0.946283,27.094,55.3,27
SEAFET02114,5/20/23 12:45,5/20/23 8:45,52,0,6.8154,6.8465,-0.899715,-0.946371,27.0963,55.2,27.2
SEAFET02114,5/20/23 13:00,5/20/23 9:00,53,0,6.8155,6.8456,-0.899666,-0.946406,27.1505,55.1,27.5
SEAFET02114,5/20/23 13:15,5/20/23 9:15,54,0,6.8142,6.8432,-0.899652,-0.946517,27.2662,55.1,27.9
SEAFET02114,5/20/23 13:30,5/20/23 9:30,55,0,6.812,6.8411,-0.899637,-0.94659,27.4457,55.1,28.4
SEAFET02114,5/20/23 13:45,5/20/23 9:45,56,0,6.809,6.838,-0.899624,-0.946713,27.6837,55.1,28.8
SEAFET02114,5/20/23 14:00,5/20/23 10:00,57,0,6.8058,6.835,-0.899579,-0.946812,27.9685,55.2,29.3
SEAFET02114,5/20/23 14:15,5/20/23 10:15,58,0,6.8016,6.8316,-0.899583,-0.946929,28.2717,55.3,29.6
SEAFET02114,5/20/23 14:30,5/20/23 10:30,59,0,6.7971,6.8287,-0.899621,-0.947021,28.5638,55.4,29.7
SEAFET02114,5/20/23 14:45,5/20/23 10:45,60,0,6.7949,6.8267,-0.899541,-0.94707,28.8229,55.5,29.8
SEAFET02114,5/20/23 15:00,5/20/23 11:00,61,0,6.7913,6.8253,-0.899577,-0.947093,29.0408,55.7,29.8
SEAFET02114,5/20/23 15:15,5/20/23 11:15,62,0,6.7898,6.8252,-0.899529,-0.947054,29.2147,55.8,29.7
SEAFET02114,5/20/23 15:30,5/20/23 11:30,63,0,6.7876,6.8237,-0.899541,-0.947101,29.3564,55.9,29.7
SEAFET02114,5/20/23 15:45,5/20/23 11:45,64,0,6.7874,6.824,-0.899459,-0.947056,29.4763,55.9,29.7
SEAFET02114,5/20/23 16:00,5/20/23 12:00,65,0,6.7856,6.8235,-0.899472,-0.947054,29.5916,55.9,29.9
SEAFET02114,5/20/23 16:15,5/20/23 12:15,66,0,6.7844,6.8232,-0.899456,-0.947039,29.6981,55.8,29.9
SEAFET02114,5/20/23 16:30,5/20/23 12:30,67,0,6.784,6.8229,-0.899419,-0.947038,29.7754,55.8,29.9
SEAFET02114,5/20/23 16:45,5/20/23 12:45,68,0,6.784,6.8231,-0.899395,-0.947015,29.8034,55.9,29.6
SEAFET02114,5/20/23 17:00,5/20/23 13:00,69,0,6.7838,6.8238,-0.899432,-0.946987,29.7692,55.9,29.3
SEAFET02114,5/20/23 17:15,5/20/23 13:15,70,0,6.7843,6.8251,-0.899489,-0.946934,29.6662,56.1,29
SEAFET02114,5/20/23 17:30,5/20/23 13:30,71,0,6.7856,6.8274,-0.899538,-0.946841,29.5076,56.1,28.7
SEAFET02114,5/20/23 17:45,5/20/23 13:45,72,0,6.7861,6.8277,-0.899671,-0.946878,29.3131,56.1,28.3
SEAFET02114,5/20/23 18:00,5/20/23 14:00,73,0,6.7871,6.8284,-0.899791,-0.946895,29.0895,56,28
SEAFET02114,5/20/23 18:15,5/20/23 14:15,74,0,6.7901,6.8308,-0.899786,-0.946811,28.8744,55.8,27.9
SEAFET02114,5/20/23 18:30,5/20/23 14:30,75,0,6.7916,6.83,-0.899814,-0.946899,28.7267,55.4,28.3
SEAFET02114,5/20/23 18:45,5/20/23 14:45,76,0,6.7932,6.8301,-0.899767,-0.946909,28.6705,55.3,28.5
SEAFET02114,5/20/23 19:00,5/20/23 15:00,77,0,6.792,6.8295,-0.899825,-0.94694,28.683,55.3,28.7
SEAFET02114,5/20/23 19:15,5/20/23 15:15,78,0,6.7906,6.8268,-0.899862,-0.947085,28.7448,55.1,29
SEAFET02114,5/20/23 19:30,5/20/23 15:30,79,0,6.7865,6.8214,-0.899914,-0.947345,28.9782,54.7,29.7
SEAFET02114,5/20/23 19:45,5/20/23 15:45,80,0,6.7812,6.8173,-0.900021,-0.947523,29.2389,55.1,30
SEAFET02114,5/20/23 20:00,5/20/23 16:00,81,0,6.7781,6.8151,-0.900054,-0.947604,29.4254,55.5,29.9
SEAFET02114,5/20/23 20:15,5/20/23 16:15,82,0,6.7769,6.8144,-0.900022,-0.947608,29.5596,55.6,29.9
SEAFET02114,5/20/23 20:30,5/20/23 16:30,83,0,6.7746,6.8126,-0.900075,-0.947685,29.6607,55.7,29.9
SEAFET02114,5/20/23 20:45,5/20/23 16:45,84,0,6.7744,6.8133,-0.900017,-0.947624,29.7444,55.7,29.9
SEAFET02114,5/20/23 21:00,5/20/23 17:00,85,0,6.7727,6.8129,-0.900061,-0.947627,29.8193,55.8,30
SEAFET02114,5/20/23 21:15,5/20/23 17:15,86,0,6.7705,6.8106,-0.900137,-0.947746,29.8894,55.8,30
SEAFET02114,5/20/23 21:30,5/20/23 17:30,87,0,6.7707,6.8107,-0.900072,-0.947719,29.9559,55.8,30.1
SEAFET02114,5/20/23 21:45,5/20/23 17:45,88,0,6.7704,6.8105,-0.900041,-0.947714,30.0177,55.8,30.1
SEAFET02114,5/20/23 22:00,5/20/23 18:00,89,0,6.7708,6.8104,-0.899964,-0.947708,30.0754,55.8,30.1
SEAFET02114,5/20/23 22:15,5/20/23 18:15,90,0,6.7693,6.8081,-0.900017,-0.947831,30.1255,55.9,30.2
SEAFET02114,5/20/23 22:30,5/20/23 18:30,91,0,6.7689,6.8079,-0.900005,-0.94783,30.1699,55.9,30.2
SEAFET02114,5/20/23 22:45,5/20/23 18:45,92,0,6.7691,6.8085,-0.899961,-0.947782,30.2078,55.9,30.2
SEAFET02114,5/20/23 23:00,5/20/23 19:00,93,0,6.7682,6.8066,-0.899989,-0.94789,30.238,55.9,30.2
SEAFET02114,5/20/23 23:15,5/20/23 19:15,94,0,6.768,6.8066,-0.899983,-0.947883,30.2625,56,30.2
SEAFET02114,5/20/23 23:30,5/20/23 19:30,95,0,6.7683,6.8064,-0.899951,-0.947891,30.2812,56,30.2
SEAFET02114,5/20/23 23:45,5/20/23 19:45,96,0,6.767,6.8056,-0.900018,-0.947937,30.2915,56,30.2
SEAFET02114,5/21/23 0:00,5/20/23 20:00,97,0,6.7679,6.8063,-0.899963,-0.947891,30.2972,56,30.2
SEAFET02114,5/21/23 0:15,5/20/23 20:15,98,0,6.7677,6.8052,-0.899976,-0.947956,30.2962,56,30.1
SEAFET02114,5/21/23 0:30,5/20/23 20:30,99,0,6.7675,6.8049,-0.899992,-0.947978,30.2908,56,30.1
SEAFET02114,5/21/23 0:45,5/20/23 20:45,100,0,6.7683,6.806,-0.899952,-0.947916,30.2789,56,30.1
SEAFET02114,5/21/23 1:00,5/20/23 21:00,101,0,6.7685,6.8058,-0.899952,-0.947929,30.2619,56,30
SEAFET02114,5/21/23 1:15,5/20/23 21:15,102,0,6.7688,6.8058,-0.899951,-0.947936,30.2414,56,30
SEAFET02114,5/21/23 1:30,5/20/23 21:30,103,0,6.7703,6.8071,-0.899879,-0.947865,30.2165,56.1,29.9
SEAFET02114,5/21/23 1:45,5/20/23 21:45,104,0,6.7697,6.8064,-0.899942,-0.947919,30.1869,56,29.9
SEAFET02114,5/21/23 2:00,5/20/23 22:00,105,0,6.7697,6.8061,-0.899964,-0.947942,30.1566,56,29.9
SEAFET02114,5/21/23 2:15,5/20/23 22:15,106,0,6.7711,6.8071,-0.89991,-0.947889,30.1222,56,29.9
SEAFET02114,5/21/23 2:30,5/20/23 22:30,107,0,6.7703,6.8065,-0.899985,-0.947939,30.0864,56.1,29.8
SEAFET02114,5/21/23 2:45,5/20/23 22:45,108,0,6.7713,6.8069,-0.899955,-0.947922,30.0505,56,29.8
SEAFET02114,5/21/23 3:00,5/20/23 23:00,109,0,6.7717,6.8074,-0.899962,-0.947906,30.0131,56,29.8
SEAFET02114,5/21/23 3:15,5/20/23 23:15,110,0,6.7716,6.807,-0.899999,-0.947937,29.9759,56,29.7
SEAFET02114,5/21/23 3:30,5/20/23 23:30,111,0,6.7723,6.8079,-0.899989,-0.947896,29.9379,56,29.6
SEAFET02114,5/21/23 3:45,5/20/23 23:45,112,0,6.7736,6.8088,-0.899944,-0.947849,29.8977,56,29.6
SEAFET02114,5/21/23 4:00,5/21/23 0:00,113,0,6.7733,6.8084,-0.899993,-0.947883,29.8577,56,29.6
SEAFET02114,5/21/23 4:15,5/21/23 0:15,114,0,6.7735,6.8081,-0.900017,-0.947915,29.8166,56,29.5
SEAFET02114,5/21/23 4:30,5/21/23 0:30,115,0,6.7742,6.8085,-0.900007,-0.947902,29.7736,56,29.5
SEAFET02114,5/21/23 4:45,5/21/23 0:45,116,0,6.7753,6.8098,-0.899975,-0.947839,29.7293,56,29.4
SEAFET02114,5/21/23 5:00,5/21/23 1:00,117,0,6.7755,6.8099,-0.900005,-0.947843,29.6837,56,29.4
SEAFET02114,5/21/23 5:15,5/21/23 1:15,118,0,6.776,6.8103,-0.900008,-0.947834,29.6377,56,29.3
SEAFET02114,5/21/23 5:30,5/21/23 1:30,119,0,6.7757,6.81,-0.900065,-0.947866,29.5903,56,29.3
SEAFET02114,5/21/23 5:45,5/21/23 1:45,120,0,6.7762,6.8102,-0.900079,-0.947862,29.5417,55.9,29.2
SEAFET02114,5/21/23 6:00,5/21/23 2:00,121,0,6.7774,6.8114,-0.900047,-0.947806,29.4928,55.9,29.2
SEAFET02114,5/21/23 6:15,5/21/23 2:15,122,0,6.7778,6.8116,-0.900063,-0.947809,29.4432,55.9,29.1
SEAFET02114,5/21/23 6:30,5/21/23 2:30,123,0,6.7783,6.8124,-0.900074,-0.947775,29.3919,55.9,29.1
SEAFET02114,5/21/23 6:45,5/21/23 2:45,124,0,6.7777,6.8116,-0.900153,-0.947835,29.3376,55.9,29
SEAFET02114,5/21/23 7:00,5/21/23 3:00,125,0,6.7794,6.814,-0.900097,-0.947709,29.2819,55.9,29
SEAFET02114,5/21/23 7:15,5/21/23 3:15,126,0,6.7798,6.8141,-0.900123,-0.947717,29.2217,55.9,28.9
SEAFET02114,5/21/23 7:30,5/21/23 3:30,127,0,6.7798,6.8145,-0.90017,-0.94771,29.1598,55.9,28.8
SEAFET02114,5/21/23 7:45,5/21/23 3:45,128,0,6.7816,6.8162,-0.900117,-0.947625,29.0941,55.9,28.7
SEAFET02114,5/21/23 8:00,5/21/23 4:00,129,0,6.7815,6.8159,-0.900174,-0.947665,29.0266,55.9,28.7
SEAFET02114,5/21/23 8:15,5/21/23 4:15,130,0,6.7822,6.8166,-0.900188,-0.947639,28.9578,55.9,28.6
SEAFET02114,5/21/23 8:30,5/21/23 4:30,131,0,6.7825,6.8171,-0.90023,-0.94763,28.8866,55.9,28.6
SEAFET02114,5/21/23 8:45,5/21/23 4:45,132,0,6.7837,6.8182,-0.90022,-0.947582,28.8146,55.8,28.5
SEAFET02114,5/21/23 9:00,5/21/23 5:00,133,0,6.7835,6.8183,-0.90029,-0.947599,28.7409,55.8,28.4
SEAFET02114,5/21/23 9:15,5/21/23 5:15,134,0,6.7847,6.8194,-0.900277,-0.947551,28.6675,55.8,28.3
SEAFET02114,5/21/23 9:30,5/21/23 5:30,135,0,6.7859,6.821,-0.900266,-0.947476,28.5939,55.8,28.2
SEAFET02114,5/21/23 9:45,5/21/23 5:45,136,0,6.7862,6.8223,-0.900307,-0.947417,28.522,55.8,28.2
SEAFET02114,5/21/23 10:00,5/21/23 6:00,137,0,6.7873,6.8232,-0.900299,-0.947383,28.45,55.8,28.1
SEAFET02114,5/21/23 10:15,5/21/23 6:15,138,0,6.7885,6.8245,-0.90028,-0.947326,28.3791,55.7,28.1
SEAFET02114,5/21/23 10:30,5/21/23 6:30,139,0,6.7887,6.8246,-0.900327,-0.947337,28.3096,55.7,28
SEAFET02114,5/21/23 10:45,5/21/23 6:45,140,0,6.7893,6.8252,-0.900344,-0.94732,28.2405,55.7,27.9
SEAFET02114,5/21/23 11:00,5/21/23 7:00,141,0,6.7896,6.8254,-0.900384,-0.947329,28.1715,55.7,27.8
SEAFET02114,5/21/23 11:15,5/21/23 7:15,142,0,6.79,6.8258,-0.900418,-0.947323,28.102,55.7,27.8
SEAFET02114,5/21/23 11:30,5/21/23 7:30,143,0,7.8309,7.868,-0.838353,-0.885101,27.9484,55.6,27.8
SEAFET02114,5/21/23 11:45,5/21/23 7:45,144,0,7.8918,7.9233,-0.834452,-0.881668,28.2053,55.4,28.1
SEAFET02114,5/21/23 12:00,5/21/23 8:00,145,0,7.8968,7.9183,-0.834173,-0.881979,28.1872,55.5,28.2
SEAFET02114,5/21/23 12:15,5/21/23 8:15,146,0,7.9153,7.9296,-0.832133,-0.880856,29.0866,55.3,28.7
SEAFET02114,5/21/23 12:30,5/21/23 8:30,147,0,7.9251,7.9267,-0.83149,-0.881007,29.1407,55.5,29
SEAFET02114,5/21/23 12:45,5/21/23 8:45,148,0,7.9326,7.9267,-0.830966,-0.880971,29.2103,55.6,29.1
SEAFET02114,5/21/23 13:00,5/21/23 9:00,149,0,7.9397,7.9278,-0.830489,-0.88088,29.2603,55.7,29.2
SEAFET02114,5/21/23 13:15,5/21/23 9:15,150,0,7.9444,7.9279,-0.830176,-0.88086,29.2928,55.8,29.2
SEAFET02114,5/21/23 13:30,5/21/23 9:30,151,0,7.9486,7.9285,-0.829899,-0.880809,29.3168,55.8,29.2
SEAFET02114,5/21/23 13:45,5/21/23 9:45,152,0,7.9498,7.9267,-0.829811,-0.88091,29.3293,55.9,29.2
SEAFET02114,5/21/23 14:00,5/21/23 10:00,153,0,7.951,7.9256,-0.82973,-0.880974,29.338,55.9,29.2
SEAFET02114,5/21/23 14:15,5/21/23 10:15,154,0,7.9549,7.927,-0.829492,-0.880887,29.3438,55.9,29.2
SEAFET02114,5/21/23 14:30,5/21/23 10:30,155,0,7.9537,7.9249,-0.829553,-0.881011,29.3518,55.9,29.3
SEAFET02114,5/21/23 14:45,5/21/23 10:45,156,0,7.9561,7.9261,-0.829402,-0.880933,29.3597,55.9,29.2
SEAFET02114,5/21/23 15:00,5/21/23 11:00,157,0,7.96,7.9292,-0.82916,-0.880742,29.3696,55.9,29.3
SEAFET02114,5/21/23 15:15,5/21/23 11:15,158,0,7.9615,7.9295,-0.829057,-0.880717,29.3807,55.9,29.3
SEAFET02114,5/21/23 15:30,5/21/23 11:30,159,0,7.9605,7.928,-0.829109,-0.880809,29.3848,55.9,29.3
SEAFET02114,5/21/23 15:45,5/21/23 11:45,160,0,7.9611,7.9282,-0.829063,-0.880788,29.3947,55.9,29.3
SEAFET02114,5/21/23 16:00,5/21/23 12:00,161,0,7.9615,7.928,-0.829037,-0.880797,29.4003,55.9,29.3
SEAFET02114,5/21/23 16:15,5/21/23 12:15,162,0,7.9642,7.9306,-0.828866,-0.880636,29.4092,55.9,29.3
SEAFET02114,5/21/23 16:30,5/21/23 12:30,163,0,7.965,7.9312,-0.828803,-0.880595,29.4188,55.9,29.3
SEAFET02114,5/21/23 16:45,5/21/23 12:45,164,0,7.9623,7.9285,-0.82896,-0.880754,29.4238,55.9,29.3
SEAFET02114,5/21/23 17:00,5/21/23 13:00,165,0,7.9626,7.9288,-0.828939,-0.880737,29.4287,56,29.3
SEAFET02114,5/21/23 17:15,5/21/23 13:15,166,0,7.965,7.9305,-0.828793,-0.880632,29.432,55.9,29.3
SEAFET02114,5/21/23 17:30,5/21/23 13:30,167,0,7.9656,7.9318,-0.828749,-0.880552,29.4363,55.9,29.3
SEAFET02114,5/21/23 17:45,5/21/23 13:45,168,0,7.9647,7.9304,-0.828801,-0.880635,29.4399,55.9,29.3
SEAFET02114,5/21/23 18:00,5/21/23 14:00,169,0,7.9656,7.9314,-0.828737,-0.880571,29.4479,56,29.3
SEAFET02114,5/21/23 18:15,5/21/23 14:15,170,0,7.9676,7.9339,-0.828608,-0.880419,29.4558,55.9,29.3
SEAFET02114,5/21/23 18:30,5/21/23 14:30,171,0,7.9648,7.9312,-0.828783,-0.880579,29.4535,56,29.3
SEAFET02114,5/21/23 18:45,5/21/23 14:45,172,0,7.9655,7.9314,-0.828731,-0.880567,29.4603,56,29.3
SEAFET02114,5/21/23 19:00,5/21/23 15:00,173,0,7.9668,7.9327,-0.82865,-0.880482,29.467,56,29.3
SEAFET02114,5/21/23 19:15,5/21/23 15:15,174,0,7.9642,7.9301,-0.828802,-0.88064,29.466,56,29.3
SEAFET02114,5/21/23 19:30,5/21/23 15:30,175,0,7.9636,7.9297,-0.828843,-0.880663,29.4642,56,29.3
SEAFET02114,5/21/23 19:45,5/21/23 15:45,176,0,7.9626,7.9286,-0.828905,-0.880733,29.4614,56,29.3
SEAFET02114,5/21/23 20:00,5/21/23 16:00,177,0,7.9599,7.9258,-0.829069,-0.880901,29.4574,56,29.3
SEAFET02114,5/21/23 20:15,5/21/23 16:15,178,0,7.9599,7.9265,-0.829088,-0.880865,29.4422,56,29.3
SEAFET02114,5/21/23 20:30,5/21/23 16:30,179,0,7.9549,7.9214,-0.829392,-0.881175,29.4399,56,29.3
SEAFET02114,5/21/23 20:45,5/21/23 16:45,180,0,7.9584,7.9245,-0.829192,-0.880996,29.43,56,29.3
SEAFET02114,5/21/23 21:00,5/21/23 17:00,181,0,7.9542,7.9205,-0.829445,-0.881236,29.4287,56,29.3
SEAFET02114,5/21/23 21:15,5/21/23 17:15,182,0,7.9547,7.9211,-0.82942,-0.881201,29.4208,56,29.3
SEAFET02114,5/21/23 21:30,5/21/23 17:30,183,0,7.9518,7.9183,-0.829604,-0.881372,29.4145,56,29.3
SEAFET02114,5/21/23 21:45,5/21/23 17:45,184,0,7.9487,7.9156,-0.829793,-0.881537,29.412,56,29.3
SEAFET02114,5/21/23 22:00,5/21/23 18:00,185,0,7.9465,7.9135,-0.829924,-0.881663,29.4106,56,29.3
SEAFET02114,5/21/23 22:15,5/21/23 18:15,186,0,7.9496,7.916,-0.829756,-0.881521,29.3924,56,29.3
SEAFET02114,5/21/23 22:30,5/21/23 18:30,187,0,7.9528,7.9193,-0.829584,-0.881331,29.376,56,29.3
SEAFET02114,5/21/23 22:45,5/21/23 18:45,188,0,7.952,7.9182,-0.829638,-0.8814,29.3709,55.9,29.3
SEAFET02114,5/21/23 23:00,5/21/23 19:00,189,0,7.9512,7.9178,-0.82969,-0.881428,29.3667,55.9,29.3
SEAFET02114,5/21/23 23:15,5/21/23 19:15,190,0,7.9519,7.918,-0.829658,-0.881419,29.3574,55.9,29.2
SEAFET02114,5/21/23 23:30,5/21/23 19:30,191,0,7.9503,7.9177,-0.829759,-0.881442,29.3498,55.9,29.3
SEAFET02114,5/21/23 23:45,5/21/23 19:45,192,0,7.9523,7.9193,-0.829645,-0.88135,29.3421,56,29.2
SEAFET02114,5/22/23 0:00,5/21/23 20:00,193,0,7.9495,7.916,-0.829816,-0.881548,29.3415,55.9,29.2
SEAFET02114,5/22/23 0:15,5/21/23 20:15,194,0,7.948,7.9145,-0.829911,-0.881641,29.3399,55.9,29.2
SEAFET02114,5/22/23 0:30,5/21/23 20:30,195,0,7.9435,7.9101,-0.830181,-0.881905,29.3372,56,29.2
SEAFET02114,5/22/23 0:45,5/21/23 20:45,196,0,7.953,7.9196,-0.829621,-0.881335,29.3303,55.9,29.2
SEAFET02114,5/22/23 1:00,5/21/23 21:00,197,0,7.9505,7.9173,-0.829767,-0.881476,29.3303,55.9,29.2
SEAFET02114,5/22/23 1:15,5/21/23 21:15,198,0,7.9495,7.9167,-0.829829,-0.881513,29.328,55.9,29.2
SEAFET02114,5/22/23 1:30,5/21/23 21:30,199,0,7.9523,7.9195,-0.829671,-0.881351,29.3201,55.9,29.2
SEAFET02114,5/22/23 1:45,5/21/23 21:45,200,0,7.9528,7.9204,-0.829648,-0.8813,29.3122,56,29.2
SEAFET02114,5/22/23 2:00,5/21/23 22:00,201,0,7.9503,7.9179,-0.829799,-0.881449,29.3112,56,29.2
SEAFET02114,5/22/23 2:15,5/21/23 22:15,202,0,7.9481,7.9159,-0.829934,-0.881571,29.3096,55.9,29.2
SEAFET02114,5/22/23 2:30,5/21/23 22:30,203,0,7.9494,7.9171,-0.82986,-0.881499,29.3062,56,29.2
SEAFET02114,5/22/23 2:45,5/21/23 22:45,204,0,7.9483,7.9157,-0.82993,-0.881583,29.3042,55.9,29.2
SEAFET02114,5/22/23 3:00,5/21/23 23:00,205,0,7.9448,7.9126,-0.83014,-0.881771,29.301,56,29.2
SEAFET02114,5/22/23 3:15,5/21/23 23:15,206,0,7.9447,7.9126,-0.830151,-0.881773,29.2961,55.9,29.2
SEAFET02114,5/22/23 3:30,5/21/23 23:30,207,0,7.9477,7.9155,-0.829979,-0.881604,29.2907,55.9,29.2
SEAFET02114,5/22/23 3:45,5/21/23 23:45,208,0,7.9486,7.917,-0.829931,-0.881514,29.2828,55.9,29.2
SEAFET02114,5/22/23 4:00,5/22/23 0:00,209,0,7.9501,7.9188,-0.829853,-0.881416,29.2732,55.9,29.2
SEAFET02114,5/22/23 4:15,5/22/23 0:15,210,0,7.9496,7.9182,-0.829891,-0.881451,29.2637,55.9,29.1
SEAFET02114,5/22/23 4:30,5/22/23 0:30,211,0,7.9456,7.9137,-0.830134,-0.881727,29.2613,55.9,29.1
SEAFET02114,5/22/23 4:45,5/22/23 0:45,212,0,7.9448,7.9134,-0.830186,-0.881748,29.2558,55.9,29.1
SEAFET02114,5/22/23 5:00,5/22/23 1:00,213,0,7.9514,7.9194,-0.829799,-0.881386,29.2504,55.9,29.1
SEAFET02114,5/22/23 5:15,5/22/23 1:15,214,0,7.9493,7.9176,-0.82993,-0.881498,29.2457,55.9,29.2
SEAFET02114,5/22/23 5:30,5/22/23 1:30,215,0,7.9514,7.9194,-0.829804,-0.88139,29.2422,56,29.1
SEAFET02114,5/22/23 5:45,5/22/23 1:45,216,0,7.9521,7.9205,-0.829768,-0.881329,29.236,56,29.1
SEAFET02114,5/22/23 6:00,5/22/23 2:00,217,0,7.9569,7.9251,-0.82948,-0.881052,29.2399,55.9,29.1
SEAFET02114,5/22/23 6:15,5/22/23 2:15,218,0,7.9531,7.9214,-0.829708,-0.881272,29.2376,55.9,29.1
SEAFET02114,5/22/23 6:30,5/22/23 2:30,219,0,7.9544,7.9223,-0.829642,-0.881228,29.2264,55.9,29.1
SEAFET02114,5/22/23 6:45,5/22/23 2:45,220,0,7.954,7.9214,-0.829667,-0.881281,29.2261,56,29.1
SEAFET02114,5/22/23 7:00,5/22/23 3:00,221,0,7.9515,7.9191,-0.829814,-0.881421,29.2266,55.9,29.1
SEAFET02114,5/22/23 7:15,5/22/23 3:15,222,0,7.9467,7.9144,-0.830105,-0.881699,29.2264,55.9,29.1
SEAFET02114,5/22/23 7:30,5/22/23 3:30,223,0,7.9509,7.9192,-0.829858,-0.881415,29.2198,55.9,29.1
SEAFET02114,5/22/23 7:45,5/22/23 3:45,224,0,7.9466,7.9146,-0.830116,-0.881689,29.2208,55.9,29.1
SEAFET02114,5/22/23 8:00,5/22/23 4:00,225,0,7.9547,7.9229,-0.82964,-0.881195,29.2129,55.9,29.1
SEAFET02114,5/22/23 8:15,5/22/23 4:15,226,0,7.9511,7.9194,-0.829856,-0.881409,29.2145,55.9,29.1
SEAFET02114,5/22/23 8:30,5/22/23 4:30,227,0,7.9481,7.9162,-0.83003,-0.881599,29.2154,55.9,29.1
SEAFET02114,5/22/23 8:45,5/22/23 4:45,228,0,7.9502,7.9188,-0.829911,-0.881446,29.2129,55.9,29.1
SEAFET02114,5/22/23 9:00,5/22/23 5:00,229,0,7.9511,7.9197,-0.829856,-0.881392,29.2105,55.9,29.1
SEAFET02114,5/22/23 9:15,5/22/23 5:15,230,0,7.9486,7.9179,-0.830016,-0.8815,29.2019,55.9,29
SEAFET02114,5/22/23 9:30,5/22/23 5:30,231,0,7.9478,7.9164,-0.830071,-0.881596,29.1975,56,29.1
SEAFET02114,5/22/23 9:45,5/22/23 5:45,232,0,7.9476,7.9169,-0.830086,-0.881566,29.1954,55.9,29
SEAFET02114,5/22/23 10:00,5/22/23 6:00,233,0,7.9436,7.9124,-0.830334,-0.88184,29.1868,55.9,29.1
SEAFET02114,5/22/23 10:15,5/22/23 6:15,234,0,7.9443,7.9124,-0.830299,-0.881843,29.1759,55.9,29
SEAFET02114,5/22/23 10:30,5/22/23 6:30,235,0,7.9407,7.9087,-0.830516,-0.882063,29.1789,55.9,29
SEAFET02114,5/22/23 10:45,5/22/23 6:45,236,0,7.937,7.9054,-0.830733,-0.882259,29.1832,55.9,29
SEAFET02114,5/22/23 11:00,5/22/23 7:00,237,0,7.9422,7.9101,-0.830412,-0.881979,29.1885,55.9,29
SEAFET02114,5/22/23 11:15,5/22/23 7:15,238,0,7.9471,7.9159,-0.830118,-0.881629,29.1885,55.9,29.1
SEAFET02114,5/22/23 11:30,5/22/23 7:30,239,0,7.9489,7.917,-0.830013,-0.881566,29.1868,55.9,29
SEAFET02114,5/22/23 11:45,5/22/23 7:45,240,0,7.9521,7.9205,-0.829822,-0.881354,29.1863,55.9,29.1
SEAFET02114,5/22/23 12:00,5/22/23 8:00,241,0,7.9499,7.9188,-0.829957,-0.881455,29.1868,55.9,29
SEAFET02114,5/22/23 12:15,5/22/23 8:15,242,0,7.9528,7.9217,-0.829782,-0.881282,29.1865,55.9,29.1
SEAFET02114,5/22/23 12:30,5/22/23 8:30,243,0,7.9515,7.9197,-0.82986,-0.881401,29.1868,55.9,29
SEAFET02114,5/22/23 12:45,5/22/23 8:45,244,0,7.9545,7.9229,-0.829673,-0.881208,29.1891,55.9,29.1
SEAFET02114,5/22/23 13:00,5/22/23 9:00,245,0,7.9545,7.9229,-0.829676,-0.881208,29.1868,55.9,29.1
SEAFET02114,5/22/23 13:15,5/22/23 9:15,246,0,7.9547,7.923,-0.829673,-0.881206,29.1825,55.9,29
SEAFET02114,5/22/23 13:30,5/22/23 9:30,247,0,7.9568,7.9253,-0.829544,-0.881067,29.1812,55.9,29
SEAFET02114,5/22/23 13:45,5/22/23 9:45,248,0,7.9576,7.9258,-0.829498,-0.881038,29.1812,55.9,29
SEAFET02114,5/22/23 14:00,5/22/23 10:00,249,0,7.9577,7.9257,-0.82949,-0.881041,29.1858,55.9,29
SEAFET02114,5/22/23 14:15,5/22/23 10:15,250,0,7.961,7.9293,-0.829279,-0.88082,29.1947,55.9,29.1
SEAFET02114,5/22/23 14:30,5/22/23 10:30,251,0,7.9627,7.9303,-0.829168,-0.880759,29.2026,55.9,29.1
SEAFET02114,5/22/23 14:45,5/22/23 10:45,252,0,7.9579,7.9258,-0.829471,-0.881033,29.1924,55.9,29.1
SEAFET02114,5/22/23 15:00,5/22/23 11:00,253,0,7.9621,7.9312,-0.829206,-0.880707,29.2026,56,29.1
SEAFET02114,5/22/23 15:15,5/22/23 11:15,254,0,7.9634,7.932,-0.829116,-0.88065,29.2129,55.9,29.1
SEAFET02114,5/22/23 15:30,5/22/23 11:30,255,0,7.9608,7.929,-0.829275,-0.880832,29.2125,55.9,29.1
SEAFET02114,5/22/23 15:45,5/22/23 11:45,256,0,7.9603,7.9286,-0.829306,-0.880858,29.208,55.9,29.1
SEAFET02114,5/22/23 16:00,5/22/23 12:00,257,0,7.9602,7.9284,-0.829312,-0.880866,29.2129,56,29.1
SEAFET02114,5/22/23 16:15,5/22/23 12:15,258,0,7.9628,7.9302,-0.82915,-0.880756,29.2159,56,29.1
SEAFET02114,5/22/23 16:30,5/22/23 12:30,259,0,7.9612,7.929,-0.82925,-0.880832,29.2133,56,29.1
SEAFET02114,5/22/23 16:45,5/22/23 12:45,260,0,7.9632,7.9308,-0.829127,-0.880723,29.2149,56,29.1
SEAFET02114,5/22/23 17:00,5/22/23 13:00,261,0,7.9638,7.9316,-0.829086,-0.880675,29.2185,56,29.1
SEAFET02114,5/22/23 17:15,5/22/23 13:15,262,0,7.9659,7.9332,-0.828952,-0.880571,29.2264,56,29.1
SEAFET02114,5/22/23 17:30,5/22/23 13:30,263,0,7.9677,7.9357,-0.828837,-0.880422,29.232,56,29.1
SEAFET02114,5/22/23 17:45,5/22/23 13:45,264,0,7.9636,7.9311,-0.829082,-0.880696,29.2363,56,29.1
SEAFET02114,5/22/23 18:00,5/22/23 14:00,265,0,7.9677,7.936,-0.828821,-0.880393,29.2473,55.9,29.1
SEAFET02114,5/22/23 18:15,5/22/23 14:15,266,0,7.9665,7.9336,-0.828896,-0.880536,29.2455,56,29.1
SEAFET02114,5/22/23 18:30,5/22/23 14:30,267,0,7.9648,7.9322,-0.829,-0.880623,29.2432,56,29.1
SEAFET02114,5/22/23 18:45,5/22/23 14:45,268,0,7.9658,7.9335,-0.828934,-0.880542,29.2481,56,29.1
SEAFET02114,5/22/23 19:00,5/22/23 15:00,269,0,7.9692,7.9361,-0.828723,-0.880383,29.259,56,29.1
SEAFET02114,5/22/23 19:15,5/22/23 15:15,270,0,7.9695,7.9369,-0.828691,-0.880331,29.2687,56,29.1
SEAFET02114,5/22/23 19:30,5/22/23 15:30,271,0,7.9676,7.9349,-0.828802,-0.880444,29.2735,56,29.2
SEAFET02114,5/22/23 19:45,5/22/23 15:45,272,0,7.9721,7.9395,-0.82851,-0.880162,29.293,56,29.2
SEAFET02114,5/22/23 20:00,5/22/23 16:00,273,0,7.9709,7.939,-0.828563,-0.88018,29.3135,56,29.2
SEAFET02114,5/22/23 20:15,5/22/23 16:15,274,0,7.9671,7.9345,-0.828774,-0.880445,29.328,56,29.2
SEAFET02114,5/22/23 20:30,5/22/23 16:30,275,0,7.968,7.9356,-0.828708,-0.880373,29.3379,56,29.2
SEAFET02114,5/22/23 20:45,5/22/23 16:45,276,0,7.9661,7.9331,-0.828823,-0.880521,29.3408,56,29.2
SEAFET02114,5/22/23 21:00,5/22/23 17:00,277,0,7.9665,7.9339,-0.828787,-0.880471,29.3481,56,29.2
SEAFET02114,5/22/23 21:15,5/22/23 17:15,278,0,7.9638,7.9308,-0.828951,-0.880658,29.3485,56,29.2
SEAFET02114,5/22/23 21:30,5/22/23 17:30,279,0,7.9624,7.9294,-0.829038,-0.880742,29.3438,56,29.2
SEAFET02114,5/22/23 21:45,5/22/23 17:45,280,0,7.9618,7.9286,-0.829077,-0.880794,29.3408,56,29.2
SEAFET02114,5/22/23 22:00,5/22/23 18:00,281,0,7.9573,7.9242,-0.829349,-0.881057,29.3396,56,29.2
SEAFET02114,5/22/23 22:15,5/22/23 18:15,282,0,7.958,7.9251,-0.829317,-0.881009,29.3303,56,29.2
SEAFET02114,5/22/23 22:30,5/22/23 18:30,283,0,7.9597,7.9264,-0.829229,-0.880933,29.3178,56,29.2
SEAFET02114,5/22/23 22:45,5/22/23 18:45,284,0,7.956,7.9222,-0.829452,-0.881185,29.3168,56,29.2
SEAFET02114,5/22/23 23:00,5/22/23 19:00,285,0,7.9521,7.9186,-0.829696,-0.881409,29.3078,56,29.2
SEAFET02114,5/22/23 23:15,5/22/23 19:15,286,0,7.955,7.9214,-0.829534,-0.881242,29.2984,56,29.2
SEAFET02114,5/22/23 23:30,5/22/23 19:30,287,0,7.9557,7.9213,-0.8295,-0.881252,29.2898,56,29.2
SEAFET02114,5/22/23 23:45,5/22/23 19:45,288,0,7.9544,7.9203,-0.829584,-0.881321,29.2831,56,29.2
SEAFET02114,5/23/23 0:00,5/22/23 20:00,289,0,7.9612,7.927,-0.829183,-0.880918,29.2732,56,29.1
SEAFET02114,5/23/23 0:15,5/22/23 20:15,290,0,7.952,7.9182,-0.82974,-0.881453,29.2716,56,29.1
SEAFET02114,5/23/23 0:30,5/22/23 20:30,291,0,7.9567,7.9235,-0.829466,-0.881134,29.2637,56,29.1
SEAFET02114,5/23/23 0:45,5/22/23 20:45,292,0,7.9519,7.9187,-0.829758,-0.881428,29.2605,56,29.1
SEAFET02114,5/23/23 1:00,5/22/23 21:00,293,0,7.9556,7.9219,-0.829543,-0.881236,29.2532,56,29.1
SEAFET02114,5/23/23 1:15,5/22/23 21:15,294,0,7.9568,7.9231,-0.829477,-0.88117,29.2478,56,29.1
SEAFET02114,5/23/23 1:30,5/22/23 21:30,295,0,7.9537,7.9199,-0.829667,-0.88136,29.2455,56,29.1
SEAFET02114,5/23/23 1:45,5/22/23 21:45,296,0,7.9527,7.9186,-0.829727,-0.881438,29.2419,56,29.1
SEAFET02114,5/23/23 2:00,5/22/23 22:00,297,0,7.9577,7.9238,-0.829442,-0.881132,29.232,56,29.1
SEAFET02114,5/23/23 2:15,5/22/23 22:15,298,0,7.9531,7.9187,-0.829719,-0.881439,29.2289,56,29.1
SEAFET02114,5/23/23 2:30,5/22/23 22:30,299,0,7.9523,7.9178,-0.829775,-0.8815,29.2224,56,29.1
SEAFET02114,5/23/23 2:45,5/22/23 22:45,300,0,7.9533,7.9187,-0.829728,-0.881449,29.2105,56,29.1
SEAFET02114,5/23/23 3:00,5/22/23 23:00,301,0,7.9529,7.9178,-0.829757,-0.881507,29.2033,56,29.1
SEAFET02114,5/23/23 3:15,5/22/23 23:15,302,0,7.9524,7.9174,-0.829788,-0.881534,29.2013,56,29
SEAFET02114,5/23/23 3:30,5/22/23 23:30,303,0,7.9582,7.9232,-0.829449,-0.881189,29.1947,56,29.1
SEAFET02114,5/23/23 3:45,5/22/23 23:45,304,0,7.9543,7.919,-0.829687,-0.881441,29.1891,56,29.1
SEAFET02114,5/23/23 4:00,5/23/23 0:00,305,0,7.9555,7.9208,-0.829617,-0.881336,29.1858,56,29.1
SEAFET02114,5/23/23 4:15,5/23/23 0:15,306,0,7.9517,7.9166,-0.829847,-0.881589,29.1835,56,29.1
SEAFET02114,5/23/23 4:30,5/23/23 0:30,307,0,7.9485,7.9138,-0.830045,-0.881756,29.1812,55.9,29
SEAFET02114,5/23/23 4:45,5/23/23 0:45,308,0,7.9479,7.9133,-0.830083,-0.881792,29.1796,56,29
SEAFET02114,5/23/23 5:00,5/23/23 1:00,309,0,7.9473,7.9123,-0.830126,-0.881851,29.1735,55.9,29
SEAFET02114,5/23/23 5:15,5/23/23 1:15,310,0,7.951,7.9158,-0.829907,-0.881646,29.1709,55.9,29
SEAFET02114,5/23/23 5:30,5/23/23 1:30,311,0,7.9556,7.9212,-0.829635,-0.881322,29.1634,56,29
SEAFET02114,5/23/23 5:45,5/23/23 1:45,312,0,7.9482,7.9135,-0.830082,-0.881787,29.1621,56,29
SEAFET02114,5/23/23 6:00,5/23/23 2:00,313,0,7.9455,7.9107,-0.830246,-0.881954,29.1587,56,29
SEAFET02114,5/23/23 6:15,5/23/23 2:15,314,0,7.9428,7.9084,-0.830413,-0.882092,29.1574,56,29
SEAFET02114,5/23/23 6:30,5/23/23 2:30,315,0,7.9489,7.9147,-0.830044,-0.881717,29.1555,55.9,29
SEAFET02114,5/23/23 6:45,5/23/23 2:45,316,0,7.9463,7.9115,-0.830207,-0.881911,29.1542,56,29
SEAFET02114,5/23/23 7:00,5/23/23 3:00,317,0,7.9487,7.9148,-0.830059,-0.881713,29.1542,56,29
SEAFET02114,5/23/23 7:15,5/23/23 3:15,318,0,7.9525,7.9185,-0.829833,-0.881492,29.1535,56,29
SEAFET02114,5/23/23 7:30,5/23/23 3:30,319,0,7.9484,7.9143,-0.830082,-0.881742,29.1518,56,29
SEAFET02114,5/23/23 7:45,5/23/23 3:45,320,0,7.9525,7.9187,-0.829843,-0.881481,29.1463,56,29
SEAFET02114,5/23/23 8:00,5/23/23 4:00,321,0,7.9512,7.917,-0.829923,-0.881583,29.1439,56,29
SEAFET02114,5/23/23 8:15,5/23/23 4:15,322,0,7.9483,7.9144,-0.8301,-0.881743,29.1414,56,29
SEAFET02114,5/23/23 8:30,5/23/23 4:30,323,0,7.9534,7.9196,-0.829802,-0.881436,29.1324,56,29
SEAFET02114,5/23/23 8:45,5/23/23 4:45,324,0,7.9498,7.916,-0.830021,-0.881651,29.1294,56,29
SEAFET02114,5/23/23 9:00,5/23/23 5:00,325,0,7.9481,7.9145,-0.83012,-0.881743,29.1297,56,29
SEAFET02114,5/23/23 9:15,5/23/23 5:15,326,0,7.9474,7.9138,-0.830167,-0.881787,29.1296,56,29
SEAFET02114,5/23/23 9:30,5/23/23 5:30,327,0,7.9465,7.9134,-0.830217,-0.881811,29.1288,56,29
SEAFET02114,5/23/23 9:45,5/23/23 5:45,328,0,7.9486,7.9154,-0.830091,-0.881691,29.1285,56,29
SEAFET02114,5/23/23 10:00,5/23/23 6:00,329,0,7.95,7.9162,-0.830016,-0.881646,29.1225,56,29
SEAFET02114,5/23/23 10:15,5/23/23 6:15,330,0,7.9495,7.9156,-0.830044,-0.881681,29.1225,56,29
SEAFET02114,5/23/23 10:30,5/23/23 6:30,331,0,7.9478,7.9141,-0.83015,-0.88177,29.1189,56,29
SEAFET02114,5/23/23 10:45,5/23/23 6:45,332,0,7.9502,7.9163,-0.830016,-0.881642,29.1123,56,29
SEAFET02114,5/23/23 11:00,5/23/23 7:00,333,0,7.9514,7.9181,-0.829942,-0.881532,29.111,56,29
SEAFET02114,5/23/23 11:15,5/23/23 7:15,334,0,7.9523,7.9187,-0.82989,-0.8815,29.109,56,29
SEAFET02114,5/23/23 11:30,5/23/23 7:30,335,0,7.9513,7.9174,-0.829951,-0.881575,29.1113,56,29
SEAFET02114,5/23/23 11:45,5/23/23 7:45,336,0,7.9471,7.9137,-0.8302,-0.8818,29.1126,56,29
SEAFET02114,5/23/23 12:00,5/23/23 8:00,337,0,7.9504,7.9167,-0.830003,-0.881619,29.1116,56,29
SEAFET02114,5/23/23 12:15,5/23/23 8:15,338,0,7.9553,7.9219,-0.829718,-0.881314,29.1034,56,29
SEAFET02114,5/23/23 12:30,5/23/23 8:30,339,0,7.9547,7.9211,-0.829762,-0.881359,29.0981,56,29
SEAFET02114,5/23/23 12:45,5/23/23 8:45,340,0,7.9551,7.9213,-0.829732,-0.881345,29.1018,56,29
SEAFET02114,5/23/23 13:00,5/23/23 9:00,341,0,7.9586,7.9252,-0.829519,-0.88111,29.1061,56,29
SEAFET02114,5/23/23 13:15,5/23/23 9:15,342,0,7.9635,7.9298,-0.829216,-0.88083,29.1146,56,29
SEAFET02114,5/23/23 13:30,5/23/23 9:30,343,0,7.965,7.9315,-0.829116,-0.880725,29.1202,56,29
SEAFET02114,5/23/23 13:45,5/23/23 9:45,344,0,7.9686,7.9351,-0.828895,-0.880508,29.1285,56,29
SEAFET02114,5/23/23 14:00,5/23/23 10:00,345,0,7.9702,7.9363,-0.828787,-0.880431,29.1365,56,29
SEAFET02114,5/23/23 14:15,5/23/23 10:15,346,0,7.973,7.9395,-0.828608,-0.880233,29.1495,55.9,29
SEAFET02114,5/23/23 14:30,5/23/23 10:30,347,0,7.973,7.9396,-0.828595,-0.880221,29.1595,56,29
SEAFET02114,5/23/23 14:45,5/23/23 10:45,348,0,7.9743,7.9407,-0.828512,-0.880152,29.1677,56,29
SEAFET02114,5/23/23 15:00,5/23/23 11:00,349,0,7.9744,7.9407,-0.828494,-0.880145,29.1779,56,29.1
SEAFET02114,5/23/23 15:15,5/23/23 11:15,350,0,7.9733,7.9402,-0.828545,-0.880171,29.1902,56,29.1
SEAFET02114,5/23/23 15:30,5/23/23 11:30,351,0,7.9722,7.9383,-0.828606,-0.880279,29.197,56,29.1
SEAFET02114,5/23/23 15:45,5/23/23 11:45,352,0,7.971,7.9373,-0.828672,-0.880338,29.205,56,29.1
SEAFET02114,5/23/23 16:00,5/23/23 12:00,353,0,7.9725,7.939,-0.828566,-0.88023,29.2161,56,29.1
SEAFET02114,5/23/23 16:15,5/23/23 12:15,354,0,7.9365,7.9054,-0.830458,-0.882118,29.4773,55.9,29.3
SEAFET02114,5/23/23 16:30,5/23/23 12:30,355,0,7.9231,7.8948,-0.830838,-0.882556,29.8805,55.4,30.1
SEAFET02114,5/23/23 16:45,5/23/23 12:45,356,0,7.9052,7.8834,-0.831505,-0.883048,30.2779,56.2,29.8
SEAFET02114,5/23/23 17:00,5/23/23 13:00,357,0,7.8959,7.8776,-0.832232,-0.883477,30.1139,56.5,29.2
SEAFET02114,5/23/23 17:15,5/23/23 13:15,358,0,7.8795,7.8629,-0.833456,-0.884472,29.8848,56.8,29
SEAFET02114,5/23/23 17:30,5/23/23 13:30,359,0,7.8727,7.8561,-0.834041,-0.884966,29.7136,56.7,29.1
SEAFET02114,5/23/23 17:45,5/23/23 13:45,360,0,7.8692,7.8522,-0.834362,-0.885251,29.6092,56.5,29.2
SEAFET02114,5/23/23 18:00,5/23/23 14:00,361,0,7.8602,7.8435,-0.834956,-0.885798,29.5533,56.4,29.3
SEAFET02114,5/23/23 18:15,5/23/23 14:15,362,0,7.8511,7.8342,-0.835541,-0.886371,29.5206,56.3,29.3
SEAFET02114,5/23/23 18:30,5/23/23 14:30,363,0,7.8422,7.8259,-0.836094,-0.886881,29.5015,56.3,29.4
SEAFET02114,5/23/23 18:45,5/23/23 14:45,364,0,7.8355,7.8195,-0.836506,-0.887272,29.4885,56.2,29.4
SEAFET02114,5/23/23 19:00,5/23/23 15:00,365,0,7.8292,7.8136,-0.836898,-0.887632,29.4753,56.2,29.4
SEAFET02114,5/23/23 19:15,5/23/23 15:15,366,0,7.8259,7.8104,-0.837116,-0.88783,29.4591,56.3,29.4
SEAFET02114,5/23/23 19:30,5/23/23 15:30,367,0,7.822,7.8061,-0.837325,-0.888079,29.4805,56.3,29.5
SEAFET02114,5/23/23 19:45,5/23/23 15:45,368,0,7.8227,7.8062,-0.837143,-0.888006,29.621,56.3,29.7
SEAFET02114,5/23/23 20:00,5/23/23 16:00,369,0,7.8066,7.7902,-0.837889,-0.888866,29.8352,56.3,30
SEAFET02114,5/23/23 20:15,5/23/23 16:15,370,0,7.7919,7.777,-0.838584,-0.889576,30.0224,56.3,30.2
SEAFET02114,5/23/23 20:30,5/23/23 16:30,371,0,7.7798,7.7654,-0.839188,-0.890216,30.1437,56.2,30.3
SEAFET02114,5/23/23 20:45,5/23/23 16:45,372,0,7.7687,7.7555,-0.839785,-0.890779,30.2132,56.2,30.4
SEAFET02114,5/23/23 21:00,5/23/23 17:00,373,0,7.7594,7.747,-0.840324,-0.891281,30.2371,56.2,30.3
SEAFET02114,5/23/23 21:15,5/23/23 17:15,374,0,7.7527,7.7405,-0.840735,-0.891671,30.2311,56.2,30.3
SEAFET02114,5/23/23 21:30,5/23/23 17:30,375,0,7.7466,7.7351,-0.841129,-0.892014,30.2034,56.2,30.2
SEAFET02114,5/23/23 21:45,5/23/23 17:45,376,0,7.7439,7.7326,-0.841326,-0.89218,30.1648,56.2,30.2
SEAFET02114,5/23/23 22:00,5/23/23 18:00,377,0,7.7409,7.7299,-0.841556,-0.892365,30.1175,56.2,30.1
SEAFET02114,5/23/23 22:15,5/23/23 18:15,378,0,7.7367,7.7257,-0.841862,-0.892639,30.0668,56.2,30.1
SEAFET02114,5/23/23 22:30,5/23/23 18:30,379,0,7.7321,7.7212,-0.842189,-0.892934,30.0137,56.2,30
SEAFET02114,5/23/23 22:45,5/23/23 18:45,380,0,7.7271,7.7161,-0.842547,-0.893266,29.9587,56.2,29.9
SEAFET02114,5/23/23 23:00,5/23/23 19:00,381,0,7.7233,7.7124,-0.842837,-0.893517,29.8974,56.2,29.9
SEAFET02114,5/23/23 23:15,5/23/23 19:15,382,0,7.7185,7.7074,-0.843197,-0.89385,29.8289,56.1,29.8
SEAFET02114,5/23/23 23:30,5/23/23 19:30,383,0,7.7146,7.7034,-0.843501,-0.894119,29.7557,56.1,29.7
SEAFET02114,5/23/23 23:45,5/23/23 19:45,384,0,7.7097,7.6988,-0.843872,-0.894433,29.6776,56.1,29.6
SEAFET02114,5/24/23 0:00,5/23/23 20:00,385,0,7.705,7.6942,-0.844242,-0.894749,29.5949,56.1,29.5
SEAFET02114,5/24/23 0:15,5/23/23 20:15,386,0,7.7008,7.6902,-0.844573,-0.895025,29.5123,56,29.4
SEAFET02114,5/24/23 0:30,5/23/23 20:30,387,0,7.6958,7.6851,-0.844961,-0.89537,29.4273,56.1,29.3
SEAFET02114,5/24/23 0:45,5/23/23 20:45,388,0,7.6912,7.6804,-0.845317,-0.895685,29.3438,56,29.3
SEAFET02114,5/24/23 1:00,5/23/23 21:00,389,0,7.6876,7.677,-0.845613,-0.89593,29.2613,56,29.2
SEAFET02114,5/24/23 1:15,5/23/23 21:15,390,0,7.6821,7.6713,-0.846028,-0.896304,29.1812,56,29.1
SEAFET02114,5/24/23 1:30,5/23/23 21:30,391,0,7.678,7.6673,-0.846349,-0.896584,29.1022,55.9,29
SEAFET02114,5/24/23 1:45,5/23/23 21:45,392,0,7.6739,7.663,-0.846669,-0.896876,29.0247,56,29
SEAFET02114,5/24/23 2:00,5/23/23 22:00,393,0,7.6698,7.6593,-0.846992,-0.897127,28.9498,55.9,28.9
SEAFET02114,5/24/23 2:15,5/23/23 22:15,394,0,7.6663,7.6556,-0.847275,-0.897384,28.8745,55.9,28.8
SEAFET02114,5/24/23 2:30,5/23/23 22:30,395,0,7.6622,7.6517,-0.8476,-0.897654,28.7955,55.9,28.7
SEAFET02114,5/24/23 2:45,5/23/23 22:45,396,0,7.6583,7.6479,-0.847915,-0.897914,28.7102,55.9,28.7
SEAFET02114,5/24/23 3:00,5/23/23 23:00,397,0,7.6543,7.6434,-0.848245,-0.898226,28.6222,55.9,28.6
SEAFET02114,5/24/23 3:15,5/23/23 23:15,398,0,7.651,7.6401,-0.84853,-0.898458,28.5345,55.8,28.5
SEAFET02114,5/24/23 3:30,5/23/23 23:30,399,0,7.6466,7.6356,-0.848873,-0.898768,28.4503,55.8,28.4
SEAFET02114,5/24/23 3:45,5/23/23 23:45,400,0,7.643,7.6314,-0.849167,-0.899051,28.3696,55.8,28.3
SEAFET02114,5/24/23 4:00,5/24/23 0:00,401,0,7.6387,7.6269,-0.849505,-0.899357,28.2906,55.8,28.2
SEAFET02114,5/24/23 4:15,5/24/23 0:15,402,0,7.6348,7.623,-0.849812,-0.899624,28.2132,55.8,28.2
SEAFET02114,5/24/23 4:30,5/24/23 0:30,403,0,7.6315,7.6193,-0.850087,-0.89988,28.1344,55.7,28.1
SEAFET02114,5/24/23 4:45,5/24/23 0:45,404,0,7.6279,7.6156,-0.850379,-0.900136,28.0571,55.7,28
SEAFET02114,5/24/23 5:00,5/24/23 1:00,405,0,7.6246,7.6124,-0.850649,-0.900356,27.9795,55.7,27.9
SEAFET02114,5/24/23 5:15,5/24/23 1:15,406,0,7.621,7.6085,-0.850936,-0.900624,27.9028,55.7,27.8
SEAFET02114,5/24/23 5:30,5/24/23 1:30,407,0,7.6175,7.6051,-0.851223,-0.900863,27.8272,55.7,27.8
SEAFET02114,5/24/23 5:45,5/24/23 1:45,408,0,7.6133,7.6001,-0.851544,-0.901188,27.7532,55.7,27.7
SEAFET02114,5/24/23 6:00,5/24/23 2:00,409,0,7.6099,7.5967,-0.851821,-0.901426,27.6793,55.6,27.6
SEAFET02114,5/24/23 6:15,5/24/23 2:15,410,0,7.6065,7.5931,-0.85209,-0.901674,27.6077,55.6,27.6
SEAFET02114,5/24/23 6:30,5/24/23 2:30,411,0,7.6035,7.5902,-0.852339,-0.901871,27.5381,55.6,27.5
SEAFET02114,5/24/23 6:45,5/24/23 2:45,412,0,7.6005,7.5862,-0.852583,-0.902144,27.4701,55.6,27.5
SEAFET02114,5/24/23 7:00,5/24/23 3:00,413,0,7.5967,7.5824,-0.852873,-0.902396,27.4018,55.6,27.4
SEAFET02114,5/24/23 7:15,5/24/23 3:15,414,0,7.593,7.5786,-0.853156,-0.90265,27.3362,55.5,27.3
SEAFET02114,5/24/23 7:30,5/24/23 3:30,415,0,7.5889,7.5743,-0.853464,-0.902936,27.2722,55.5,27.2
SEAFET02114,5/24/23 7:45,5/24/23 3:45,416,0,7.586,7.5712,-0.853697,-0.903144,27.2094,55.5,27.2
SEAFET02114,5/24/23 8:00,5/24/23 4:00,417,0,7.5818,7.5668,-0.854003,-0.903435,27.1501,55.5,27.2
SEAFET02114,5/24/23 8:15,5/24/23 4:15,418,0,7.5789,7.5639,-0.854231,-0.903633,27.0924,55.5,27.1
SEAFET02114,5/24/23 8:30,5/24/23 4:30,419,0,7.5751,7.56,-0.85451,-0.903887,27.0372,55.5,27
SEAFET02114,5/24/23 8:45,5/24/23 4:45,420,0,7.5723,7.5567,-0.854732,-0.904104,26.985,55.5,27
SEAFET02114,5/24/23 9:00,5/24/23 5:00,421,0,7.568,7.5523,-0.855035,-0.904388,26.9351,55.4,26.9
SEAFET02114,5/24/23 9:15,5/24/23 5:15,422,0,7.565,7.5487,-0.85526,-0.904621,26.8876,55.4,26.9
SEAFET02114,5/24/23 9:30,5/24/23 5:30,423,0,7.5617,7.5453,-0.8555,-0.904846,26.8416,55.4,26.9
SEAFET02114,5/24/23 9:45,5/24/23 5:45,424,0,7.5573,7.5408,-0.855806,-0.90513,26.7953,55.4,26.8
SEAFET02114,5/24/23 10:00,5/24/23 6:00,425,0,7.5542,7.5375,-0.856032,-0.905345,26.7517,55.4,26.8
SEAFET02114,5/24/23 10:15,5/24/23 6:15,426,0,7.5507,7.534,-0.856281,-0.905572,26.7084,55.4,26.7
SEAFET02114,5/24/23 10:30,5/24/23 6:30,427,0,7.5473,7.5306,-0.856517,-0.905793,26.6688,55.4,26.7
SEAFET02114,5/24/23 10:45,5/24/23 6:45,428,0,7.5437,7.5264,-0.856769,-0.906055,26.6339,55.3,26.7
SEAFET02114,5/24/23 11:00,5/24/23 7:00,429,0,7.5396,7.5224,-0.857037,-0.906305,26.6049,55.3,26.6
SEAFET02114,5/24/23 11:15,5/24/23 7:15,430,0,7.536,7.5184,-0.857272,-0.906552,26.5846,55.3,26.6
SEAFET02114,5/24/23 11:30,5/24/23 7:30,431,0,7.5322,7.5143,-0.857509,-0.906798,26.5759,55.4,26.7
SEAFET02114,5/24/23 11:45,5/24/23 7:45,432,0,7.528,7.5104,-0.857752,-0.907027,26.5791,55.4,26.7
SEAFET02114,5/24/23 12:00,5/24/23 8:00,433,0,7.5233,7.5054,-0.858015,-0.907317,26.598,55.4,26.8
SEAFET02114,5/24/23 12:15,5/24/23 8:15,434,0,7.5181,7.5004,-0.858291,-0.907602,26.6318,55.4,26.8
SEAFET02114,5/24/23 12:30,5/24/23 8:30,435,0,7.5131,7.495,-0.858535,-0.907899,26.6872,55.4,26.9
SEAFET02114,5/24/23 12:45,5/24/23 8:45,436,0,7.5083,7.4902,-0.858745,-0.908152,26.771,55.5,27
SEAFET02114,5/24/23 13:00,5/24/23 9:00,437,0,7.5011,7.4834,-0.859054,-0.908511,26.8927,55.5,27.2
SEAFET02114,5/24/23 13:15,5/24/23 9:15,438,0,7.4939,7.4762,-0.859329,-0.908869,27.0611,55.6,27.5
SEAFET02114,5/24/23 13:30,5/24/23 9:30,439,0,7.4855,7.4683,-0.859619,-0.909252,27.2796,55.7,27.7
SEAFET02114,5/24/23 13:45,5/24/23 9:45,440,0,7.4765,7.4599,-0.859911,-0.909646,27.5407,55.8,28
SEAFET02114,5/24/23 14:00,5/24/23 10:00,441,0,7.4665,7.4505,-0.86023,-0.910088,27.8367,55.9,28.4
SEAFET02114,5/24/23 14:15,5/24/23 10:15,442,0,7.4549,7.44,-0.860626,-0.910591,28.1548,56,28.7
SEAFET02114,5/24/23 14:30,5/24/23 10:30,443,0,7.4437,7.4296,-0.860997,-0.911085,28.4695,56.1,29.1
SEAFET02114,5/24/23 14:45,5/24/23 10:45,444,0,7.4314,7.4191,-0.86145,-0.911595,28.7699,56.1,29.4
SEAFET02114,5/24/23 15:00,5/24/23 11:00,445,0,7.4211,7.4102,-0.861799,-0.912019,29.0596,56.2,29.8
SEAFET02114,5/24/23 15:15,5/24/23 11:15,446,0,7.4098,7.4008,-0.862208,-0.91247,29.3409,56.3,30.1
SEAFET02114,5/24/23 15:30,5/24/23 11:30,447,0,7.3993,7.3915,-0.862581,-0.912918,29.6197,56.4,30.4
SEAFET02114,5/24/23 15:45,5/24/23 11:45,448,0,7.3895,7.383,-0.862908,-0.913326,29.899,56.4,30.8
SEAFET02114,5/24/23 16:00,5/24/23 12:00,449,0,7.3786,7.3738,-0.8633,-0.913767,30.1801,56.5,31.1
SEAFET02114,5/24/23 16:15,5/24/23 12:15,450,0,7.369,7.3657,-0.863618,-0.914153,30.4544,56.6,31.4
SEAFET02114,5/24/23 16:30,5/24/23 12:30,451,0,7.357,7.355,-0.864094,-0.914692,30.7224,56.6,31.7
SEAFET02114,5/24/23 16:45,5/24/23 12:45,452,0,7.3475,7.3465,-0.864427,-0.915109,30.9799,56.7,31.9
SEAFET02114,5/24/23 17:00,5/24/23 13:00,453,0,7.3374,7.3377,-0.864807,-0.915544,31.2276,56.8,32.2
SEAFET02114,5/24/23 17:15,5/24/23 13:15,454,0,7.3293,7.3311,-0.865077,-0.915858,31.4603,56.9,32.4
SEAFET02114,5/24/23 17:30,5/24/23 13:30,455,0,7.3208,7.3234,-0.865394,-0.916245,31.6734,56.9,32.6
SEAFET02114,5/24/23 17:45,5/24/23 13:45,456,0,7.3135,7.3169,-0.865662,-0.916564,31.8602,57,32.7
SEAFET02114,5/24/23 18:00,5/24/23 14:00,457,0,7.3066,7.3108,-0.865937,-0.916875,32.0144,56.9,32.9
SEAFET02114,5/24/23 18:15,5/24/23 14:15,458,0,7.3014,7.3066,-0.86614,-0.917091,32.1299,56.9,32.9
SEAFET02114,5/24/23 18:30,5/24/23 14:30,459,0,7.2998,7.3051,-0.866166,-0.917148,32.2088,57,32.9
SEAFET02114,5/24/23 18:45,5/24/23 14:45,460,0,7.2989,7.3044,-0.866175,-0.917177,32.2561,57,32.8
SEAFET02114,5/24/23 19:00,5/24/23 15:00,461,0,7.2983,7.3038,-0.86619,-0.917202,32.2769,57,32.7
SEAFET02114,5/24/23 19:15,5/24/23 15:15,462,0,7.2983,7.3035,-0.866187,-0.917221,32.2824,57,32.7
SEAFET02114,5/24/23 19:30,5/24/23 15:30,463,0,7.2974,7.3023,-0.86625,-0.917294,32.2746,57,32.6
SEAFET02114,5/24/23 19:45,5/24/23 15:45,464,0,7.2972,7.3022,-0.866275,-0.917306,32.2584,57,32.5
SEAFET02114,5/24/23 20:00,5/24/23 16:00,465,0,7.297,7.3013,-0.866311,-0.91737,32.2336,57,32.4
SEAFET02114,5/24/23 20:15,5/24/23 16:15,466,0,7.2958,7.3,-0.866416,-0.917461,32.2004,57,32.3
SEAFET02114,5/24/23 20:30,5/24/23 16:30,467,0,7.2945,7.2989,-0.866534,-0.917546,32.16,56.9,32.3
SEAFET02114,5/24/23 20:45,5/24/23 16:45,468,0,7.2997,7.3043,-0.866266,-0.917239,32.1057,56.9,32.2
SEAFET02114,5/24/23 21:00,5/24/23 17:00,469,0,7.2885,7.2933,-0.866992,-0.917919,32.0561,57,32.1
SEAFET02114,5/24/23 21:15,5/24/23 17:15,470,0,7.2838,7.2883,-0.867323,-0.918241,32.0087,57,32.1
SEAFET02114,5/24/23 21:30,5/24/23 17:30,471,0,7.2804,7.2847,-0.867548,-0.918467,31.9834,56.9,32.1
SEAFET02114,5/24/23 21:45,5/24/23 17:45,472,0,7.2743,7.2778,-0.86791,-0.918883,31.9938,56.9,32.3
SEAFET02114,5/24/23 22:00,5/24/23 18:00,473,0,7.2698,7.2733,-0.868139,-0.919141,32.0405,56.9,32.4
SEAFET02114,5/24/23 22:15,5/24/23 18:15,474,0,7.2646,7.2674,-0.86838,-0.919468,32.1171,56.8,32.6
SEAFET02114,5/24/23 22:30,5/24/23 18:30,475,0,7.2595,7.262,-0.868604,-0.919761,32.2108,56.8,32.7
SEAFET02114,5/24/23 22:45,5/24/23 18:45,476,0,7.255,7.2576,-0.868795,-0.919994,32.3032,56.8,32.8
SEAFET02114,5/24/23 23:00,5/24/23 19:00,477,0,7.252,7.2545,-0.8689,-0.920152,32.3841,56.8,32.8
SEAFET02114,5/24/23 23:15,5/24/23 19:15,478,0,7.247,7.2502,-0.86915,-0.92039,32.4408,56.9,32.9
SEAFET02114,5/24/23 23:30,5/24/23 19:30,479,0,7.2441,7.2472,-0.869298,-0.920564,32.4715,56.8,32.8
SEAFET02114,5/24/23 23:45,5/24/23 19:45,480,0,7.2409,7.2445,-0.869484,-0.920724,32.4801,56.8,32.8
SEAFET02114,5/25/23 0:00,5/24/23 20:00,481,0,7.2386,7.2418,-0.869634,-0.920889,32.4717,56.8,32.8
SEAFET02114,5/25/23 0:15,5/24/23 20:15,482,0,7.2358,7.2392,-0.869823,-0.921057,32.4506,56.9,32.7
SEAFET02114,5/25/23 0:30,5/24/23 20:30,483,0,7.2329,7.2366,-0.87003,-0.921226,32.4165,56.9,32.6
SEAFET02114,5/25/23 0:45,5/24/23 20:45,484,0,7.2305,7.2341,-0.870219,-0.921394,32.3645,56.9,32.6
SEAFET02114,5/25/23 1:00,5/24/23 21:00,485,0,7.2651,7.2702,-0.868202,-0.919237,32.278,56.9,32.4
SEAFET02114,5/25/23 1:15,5/24/23 21:15,486,0,7.2668,7.2698,-0.868178,-0.919297,32.1934,56.9,32.2
SEAFET02114,5/25/23 1:30,5/24/23 21:30,487,0,7.2612,7.2634,-0.86861,-0.919721,32.0929,56.9,32.1
SEAFET02114,5/25/23 1:45,5/24/23 21:45,488,0,7.2526,7.2538,-0.869233,-0.920337,31.9851,56.9,31.9
SEAFET02114,5/25/23 2:00,5/24/23 22:00,489,0,7.2486,7.2499,-0.869579,-0.920618,31.8722,56.9,31.7
SEAFET02114,5/25/23 2:15,5/24/23 22:15,490,0,7.2442,7.245,-0.869951,-0.920951,31.7577,56.9,31.6
SEAFET02114,5/25/23 2:30,5/24/23 22:30,491,0,7.2388,7.2392,-0.870381,-0.921346,31.6395,56.8,31.4
SEAFET02114,5/25/23 2:45,5/24/23 22:45,492,0,7.2336,7.234,-0.870806,-0.921704,31.5189,56.9,31.3
SEAFET02114,5/25/23 3:00,5/24/23 23:00,493,0,7.2298,7.2305,-0.87115,-0.921961,31.3947,56.8,31.1
SEAFET02114,5/25/23 3:15,5/24/23 23:15,494,0,7.2297,7.2301,-0.871271,-0.92203,31.2684,56.8,31
SEAFET02114,5/25/23 3:30,5/24/23 23:30,495,0,7.227,7.2269,-0.871548,-0.922266,31.1437,56.8,30.8
SEAFET02114,5/25/23 3:45,5/24/23 23:45,496,0,7.2249,7.225,-0.871791,-0.922429,31.019,56.7,30.7
SEAFET02114,5/25/23 4:00,5/25/23 0:00,497,0,7.2237,7.2241,-0.871972,-0.922521,30.8994,56.7,30.6
SEAFET02114,5/25/23 4:15,5/25/23 0:15,498,0,7.2214,7.2216,-0.872211,-0.922717,30.7834,56.7,30.5
SEAFET02114,5/25/23 4:30,5/25/23 0:30,499,0,7.2196,7.2196,-0.872428,-0.922875,30.6705,56.7,30.3
SEAFET02114,5/25/23 4:45,5/25/23 0:45,500,0,7.2176,7.2172,-0.872644,-0.92306,30.5609,56.6,30.2
SEAFET02114,5/25/23 5:00,5/25/23 1:00,501,0,7.2139,7.2131,-0.872967,-0.923342,30.4541,56.6,30.1
SEAFET02114,5/25/23 5:15,5/25/23 1:15,502,0,7.2104,7.2095,-0.873272,-0.923598,30.3507,56.6,30
SEAFET02114,5/25/23 5:30,5/25/23 1:30,503,0,7.2081,7.2073,-0.8735,-0.923764,30.2493,56.6,29.9
SEAFET02114,5/25/23 5:45,5/25/23 1:45,504,0,7.2072,7.2061,-0.873645,-0.923873,30.1504,56.5,29.8
SEAFET02114,5/25/23 6:00,5/25/23 2:00,505,0,7.2048,7.2034,-0.873871,-0.924071,30.0538,56.5,29.8
SEAFET02114,5/25/23 6:15,5/25/23 2:15,506,0,7.201,7.1992,-0.874186,-0.924355,29.9607,56.5,29.7
SEAFET02114,5/25/23 6:30,5/25/23 2:30,507,0,7.1924,7.1906,-0.874785,-0.924905,29.8703,56.5,29.6
SEAFET02114,5/25/23 6:45,5/25/23 2:45,508,0,7.1825,7.1803,-0.875458,-0.92555,29.7818,56.4,29.5
SEAFET02114,5/25/23 7:00,5/25/23 3:00,509,0,7.1767,7.1743,-0.875885,-0.925943,29.6968,56.4,29.4
SEAFET02114,5/25/23 7:15,5/25/23 3:15,510,0,7.1712,7.1688,-0.876288,-0.926301,29.6141,56.4,29.3
SEAFET02114,5/25/23 7:30,5/25/23 3:30,511,0,7.1668,7.164,-0.876625,-0.926619,29.5333,56.4,29.3
SEAFET02114,5/25/23 7:45,5/25/23 3:45,512,0,7.1626,7.1595,-0.876948,-0.926913,29.4535,56.4,29.2
SEAFET02114,5/25/23 8:00,5/25/23 4:00,513,0,7.161,7.1575,-0.877112,-0.927063,29.3756,56.3,29.1
SEAFET02114,5/25/23 8:15,5/25/23 4:15,514,0,7.1605,7.1573,-0.87721,-0.9271,29.2986,56.3,29
SEAFET02114,5/25/23 8:30,5/25/23 4:30,515,0,7.1615,7.1573,-0.877221,-0.927124,29.2229,56.3,29
SEAFET02114,5/25/23 8:45,5/25/23 4:45,516,0,7.1633,7.1588,-0.87718,-0.92706,29.1476,56.3,28.9
SEAFET02114,5/25/23 9:00,5/25/23 5:00,517,0,7.1655,7.1605,-0.877114,-0.926984,29.0736,56.2,28.8
SEAFET02114,5/25/23 9:15,5/25/23 5:15,518,0,7.1656,7.1606,-0.877171,-0.927007,29.0006,56.2,28.7
SEAFET02114,5/25/23 9:30,5/25/23 5:30,519,0,7.167,7.1615,-0.877148,-0.926973,28.9284,56.2,28.7
SEAFET02114,5/25/23 9:45,5/25/23 5:45,520,0,7.1659,7.1602,-0.877278,-0.927076,28.8566,56.2,28.6
SEAFET02114,5/25/23 10:00,5/25/23 6:00,521,0,7.1664,7.1602,-0.877311,-0.9271,28.7853,56.2,28.5
SEAFET02114,5/25/23 10:15,5/25/23 6:15,522,0,7.1661,7.1596,-0.877397,-0.927161,28.7133,56.2,28.4
SEAFET02114,5/25/23 10:30,5/25/23 6:30,523,0,7.1663,7.1598,-0.877447,-0.927175,28.6412,56.2,28.4
SEAFET02114,5/25/23 10:45,5/25/23 6:45,524,0,7.1665,7.1594,-0.8775,-0.927223,28.5693,56.1,28.3
SEAFET02114,5/25/23 11:00,5/25/23 7:00,525,0,7.1645,7.1576,-0.87768,-0.927355,28.4974,56.1,28.3
SEAFET02114,5/25/23 11:15,5/25/23 7:15,526,0,7.1641,7.1565,-0.87777,-0.927443,28.4262,56.1,28.2
SEAFET02114,5/25/23 11:30,5/25/23 7:30,527,0,7.1638,7.1556,-0.877849,-0.927526,28.3568,56.1,28.1
SEAFET02114,5/25/23 11:45,5/25/23 7:45,528,0,7.1633,7.155,-0.877936,-0.92758,28.2906,56,28.1
SEAFET02114,5/25/23 12:00,5/25/23 8:00,529,0,7.162,7.1536,-0.878071,-0.927691,28.2268,56,28
SEAFET02114,5/25/23 12:15,5/25/23 8:15,530,0,7.1613,7.1526,-0.878163,-0.927768,28.1682,56,27.9
SEAFET02114,5/25/23 12:30,5/25/23 8:30,531,0,7.1613,7.1524,-0.878216,-0.927797,28.1131,56,27.9
SEAFET02114,5/25/23 12:45,5/25/23 8:45,532,0,7.161,7.1519,-0.878275,-0.927847,28.0631,56,27.9
SEAFET02114,5/25/23 13:00,5/25/23 9:00,533,0,7.1606,7.1512,-0.878335,-0.927898,28.0214,56,27.8
SEAFET02114,5/25/23 13:15,5/25/23 9:15,534,0,7.1607,7.1512,-0.878354,-0.927908,27.9965,56,27.9
SEAFET02114,5/25/23 13:30,5/25/23 9:30,535,0,7.1591,7.1494,-0.878449,-0.928017,27.9945,56,28
SEAFET02114,5/25/23 13:45,5/25/23 9:45,536,0,7.1581,7.1483,-0.878486,-0.928074,28.0224,55.9,28
SEAFET02114,5/25/23 14:00,5/25/23 10:00,537,0,7.1554,7.1459,-0.878593,-0.928201,28.08,55.9,28.1
SEAFET02114,5/25/23 14:15,5/25/23 10:15,538,0,7.1538,7.1442,-0.878613,-0.928268,28.1682,55.9,28.3
SEAFET02114,5/25/23 14:30,5/25/23 10:30,539,0,7.1525,7.1431,-0.878588,-0.928299,28.2814,55.9,28.4
SEAFET02114,5/25/23 14:45,5/25/23 10:45,540,0,7.1491,7.1404,-0.878691,-0.928419,28.4018,56,28.6
SEAFET02114,5/25/23 15:00,5/25/23 11:00,541,0,7.1451,7.1369,-0.878829,-0.928589,28.5123,56,28.7
SEAFET02114,5/25/23 15:15,5/25/23 11:15,542,0,7.1408,7.1331,-0.879008,-0.928788,28.6039,56.1,28.7
SEAFET02114,5/25/23 15:30,5/25/23 11:30,543,0,7.1363,7.129,-0.879218,-0.929011,28.6712,56,28.7
SEAFET02114,5/25/23 15:45,5/25/23 11:45,544,0,7.1332,7.126,-0.879365,-0.929178,28.7136,56,28.7
SEAFET02114,5/25/23 16:00,5/25/23 12:00,545,0,7.1325,7.126,-0.879392,-0.929172,28.7291,56.1,28.7
SEAFET02114,5/25/23 16:15,5/25/23 12:15,546,0,7.1305,7.1248,-0.879525,-0.929246,28.7156,56,28.5
SEAFET02114,5/25/23 16:30,5/25/23 12:30,547,0,7.1297,7.1242,-0.879613,-0.929298,28.6686,56,28.4
SEAFET02114,5/25/23 16:45,5/25/23 12:45,548,0,7.1306,7.1251,-0.87963,-0.929267,28.5911,56,28.3
SEAFET02114,5/25/23 17:00,5/25/23 13:00,549,0,7.1306,7.1255,-0.879724,-0.929281,28.4829,56,28.1
SEAFET02114,5/25/23 17:15,5/25/23 13:15,550,0,7.1317,7.1266,-0.879774,-0.92926,28.3515,56,27.9
SEAFET02114,5/25/23 17:30,5/25/23 13:30,551,0,7.1334,7.1283,-0.879797,-0.929207,28.2055,56,27.7
SEAFET02114,5/25/23 17:45,5/25/23 13:45,552,0,7.1356,7.13,-0.879797,-0.929155,28.0557,55.9,27.5
SEAFET02114,5/25/23 18:00,5/25/23 14:00,553,0,7.1377,7.1316,-0.879804,-0.929109,27.9061,55.9,27.4
SEAFET02114,5/25/23 18:15,5/25/23 14:15,554,0,7.1388,7.1321,-0.879867,-0.929128,27.7607,55.9,27.3
SEAFET02114,5/25/23 18:30,5/25/23 14:30,555,0,7.1396,7.1327,-0.879946,-0.92914,27.6188,55.8,27.1
SEAFET02114,5/25/23 18:45,5/25/23 14:45,556,0,7.1409,7.1329,-0.879987,-0.929178,27.4844,55.8,27
SEAFET02114,5/25/23 19:00,5/25/23 15:00,557,0,7.1425,7.1337,-0.880004,-0.92917,27.3547,55.8,26.9
SEAFET02114,5/25/23 19:15,5/25/23 15:15,558,0,7.1438,7.1344,-0.880037,-0.929172,27.2287,55.8,26.8
SEAFET02114,5/25/23 19:30,5/25/23 15:30,559,0,7.144,7.1343,-0.880126,-0.929221,27.109,55.7,26.7
SEAFET02114,5/25/23 19:45,5/25/23 15:45,560,0,7.146,7.1354,-0.880111,-0.929193,26.9906,55.7,26.6
SEAFET02114,5/25/23 20:00,5/25/23 16:00,561,0,7.1473,7.1359,-0.880138,-0.929203,26.8745,55.7,26.4
SEAFET02114,5/25/23 20:15,5/25/23 16:15,562,0,7.1483,7.1362,-0.880171,-0.929223,26.7664,55.6,26.4
SEAFET02114,5/25/23 20:30,5/25/23 16:30,563,0,7.1508,7.1384,-0.880117,-0.929129,26.6602,55.6,26.3
SEAFET02114,5/25/23 20:45,5/25/23 16:45,564,0,7.1542,7.1408,-0.880007,-0.929021,26.5553,55.6,26.2
SEAFET02114,5/25/23 21:00,5/25/23 17:00,565,0,7.1582,7.1445,-0.879856,-0.928833,26.4513,55.6,26.1
SEAFET02114,5/25/23 21:15,5/25/23 17:15,566,0,7.1611,7.1472,-0.879762,-0.928701,26.3616,55.6,26
SEAFET02114,5/25/23 21:30,5/25/23 17:30,567,0,7.1605,7.146,-0.87986,-0.928798,26.2904,55.5,26
SEAFET02114,5/25/23 21:45,5/25/23 17:45,568,0,7.1616,7.1465,-0.879835,-0.928787,26.2443,55.5,26
SEAFET02114,5/25/23 22:00,5/25/23 18:00,569,0,7.1606,7.1453,-0.879914,-0.928865,26.2215,55.5,26.1
SEAFET02114,5/25/23 22:15,5/25/23 18:15,570,0,7.1601,7.1445,-0.879951,-0.928915,26.2167,55.5,26.1
SEAFET02114,5/25/23 22:30,5/25/23 18:30,571,0,7.1586,7.1425,-0.880029,-0.929028,26.2298,55.5,26.2
SEAFET02114,5/25/23 22:45,5/25/23 18:45,572,0,7.1563,7.1403,-0.88014,-0.929148,26.256,55.5,26.2
SEAFET02114,5/25/23 23:00,5/25/23 19:00,573,0,7.1557,7.1397,-0.880142,-0.929171,26.2925,55.5,26.3
SEAFET02114,5/25/23 23:15,5/25/23 19:15,574,0,7.1548,7.139,-0.880162,-0.929201,26.3354,55.5,26.3
SEAFET02114,5/25/23 23:30,5/25/23 19:30,575,0,7.153,7.1375,-0.880226,-0.929273,26.3842,55.5,26.4
SEAFET02114,5/25/23 23:45,5/25/23 19:45,576,0,7.1514,7.1364,-0.880278,-0.929324,26.4352,55.5,26.5
SEAFET02114,5/26/23 0:00,5/25/23 20:00,577,0,7.1501,7.1357,-0.880308,-0.929344,26.4887,55.5,26.6
SEAFET02114,5/26/23 0:15,5/25/23 20:15,578,0,7.1487,7.134,-0.880344,-0.929427,26.5439,55.5,26.6
SEAFET02114,5/26/23 0:30,5/25/23 20:30,579,0,7.1462,7.1317,-0.88044,-0.929547,26.598,55.6,26.6
SEAFET02114,5/26/23 0:45,5/25/23 20:45,580,0,7.1437,7.13,-0.880544,-0.92963,26.6515,55.5,26.7
SEAFET02114,5/26/23 1:00,5/25/23 21:00,581,0,7.1413,7.1276,-0.880642,-0.929753,26.7026,55.6,26.8
SEAFET02114,5/26/23 1:15,5/25/23 21:15,582,0,7.1385,7.1253,-0.880767,-0.929876,26.7505,55.6,26.8
SEAFET02114,5/26/23 1:30,5/25/23 21:30,583,0,7.1363,7.1232,-0.880862,-0.929982,26.7953,55.6,26.8
SEAFET02114,5/26/23 1:45,5/25/23 21:45,584,0,7.1342,7.1222,-0.880951,-0.930033,26.837,55.6,26.9
SEAFET02114,5/26/23 2:00,5/25/23 22:00,585,0,7.1321,7.1205,-0.88104,-0.930117,26.8736,55.6,26.9
SEAFET02114,5/26/23 2:15,5/25/23 22:15,586,0,7.1307,7.12,-0.881099,-0.930138,26.9056,55.6,26.9
SEAFET02114,5/26/23 2:30,5/25/23 22:30,587,0,7.1285,7.1178,-0.881207,-0.930263,26.9316,55.6,26.9
SEAFET02114,5/26/23 2:45,5/25/23 22:45,588,0,7.1264,7.1163,-0.881311,-0.930346,26.9521,55.6,26.9
SEAFET02114,5/26/23 3:00,5/25/23 23:00,589,0,7.1246,7.1146,-0.881409,-0.930441,26.9662,55.6,26.9
SEAFET02114,5/26/23 3:15,5/25/23 23:15,590,0,7.1231,7.1132,-0.88149,-0.930524,26.9717,55.6,26.9
SEAFET02114,5/26/23 3:30,5/25/23 23:30,591,0,7.1222,7.1122,-0.881553,-0.930584,26.9662,55.6,26.8
SEAFET02114,5/26/23 3:45,5/25/23 23:45,592,0,7.1075,7.0976,-0.882443,-0.931456,26.9478,55.6,26.8
SEAFET02114,5/26/23 4:00,5/26/23 0:00,593,0,7.106,7.0955,-0.882557,-0.93159,26.9192,55.6,26.7
SEAFET02114,5/26/23 4:15,5/26/23 0:15,594,0,7.1041,7.094,-0.88272,-0.931702,26.8635,55.6,26.6
SEAFET02114,5/26/23 4:30,5/26/23 0:30,595,0,7.0967,7.0869,-0.883226,-0.932145,26.7875,55.6,26.5
SEAFET02114,5/26/23 4:45,5/26/23 0:45,596,0,7.0981,7.088,-0.883209,-0.932106,26.7084,55.6,26.4
SEAFET02114,5/26/23 5:00,5/26/23 1:00,597,0,7.0985,7.0887,-0.883257,-0.932096,26.6246,55.6,26.3
SEAFET02114,5/26/23 5:15,5/26/23 1:15,598,0,7.0978,7.0875,-0.883369,-0.932194,26.5432,55.6,26.2
SEAFET02114,5/26/23 5:30,5/26/23 1:30,599,0,7.0996,7.0884,-0.883326,-0.932163,26.4665,55.6,26.1
SEAFET02114,5/26/23 5:45,5/26/23 1:45,600,0,7.1,7.0888,-0.883365,-0.932164,26.3952,55.5,26.1
SEAFET02114,5/26/23 6:00,5/26/23 2:00,601,0,7.1006,7.0895,-0.883392,-0.932149,26.3217,55.5,26
SEAFET02114,5/26/23 6:15,5/26/23 2:15,602,0,7.1004,7.0887,-0.883468,-0.932219,26.2505,55.5,25.9
SEAFET02114,5/26/23 6:30,5/26/23 2:30,603,0,7.0997,7.0881,-0.883573,-0.932277,26.177,55.5,25.9
SEAFET02114,5/26/23 6:45,5/26/23 2:45,604,0,7.0994,7.0876,-0.883653,-0.932334,26.1,55.5,25.8
SEAFET02114,5/26/23 7:00,5/26/23 3:00,605,0,7.1003,7.0883,-0.883674,-0.932316,26.0199,55.4,25.7
SEAFET02114,5/26/23 7:15,5/26/23 3:15,606,0,7.1007,7.0888,-0.883716,-0.932314,25.939,55.4,25.6
SEAFET02114,5/26/23 7:30,5/26/23 3:30,607,0,7.1007,7.0884,-0.883787,-0.932366,25.8572,55.4,25.6
SEAFET02114,5/26/23 7:45,5/26/23 3:45,608,0,7.103,7.0894,-0.88372,-0.932329,25.7763,55.4,25.5
SEAFET02114,5/26/23 8:00,5/26/23 4:00,609,0,7.1033,7.0892,-0.883774,-0.93237,25.6965,55.4,25.4
SEAFET02114,5/26/23 8:15,5/26/23 4:15,610,0,7.104,7.0897,-0.883801,-0.932364,25.6153,55.4,25.3
SEAFET02114,5/26/23 8:30,5/26/23 4:30,611,0,7.1051,7.0903,-0.883803,-0.93236,25.5342,55.4,25.2
SEAFET02114,5/26/23 8:45,5/26/23 4:45,612,0,7.1064,7.0911,-0.883799,-0.93234,25.4476,55.4,25.1
SEAFET02114,5/26/23 9:00,5/26/23 5:00,613,0,7.1077,7.0917,-0.883801,-0.932332,25.3571,55.3,25
SEAFET02114,5/26/23 9:15,5/26/23 5:15,614,0,7.1076,7.0912,-0.88389,-0.932396,25.2634,55.3,24.9
SEAFET02114,5/26/23 9:30,5/26/23 5:30,615,0,7.1082,7.0915,-0.883938,-0.932409,25.1668,55.3,24.8
SEAFET02114,5/26/23 9:45,5/26/23 5:45,616,0,7.1091,7.0919,-0.883969,-0.932416,25.0651,55.3,24.7
SEAFET02114,5/26/23 10:00,5/26/23 6:00,617,0,7.1098,7.0922,-0.884017,-0.932432,24.9626,55.2,24.6
SEAFET02114,5/26/23 10:15,5/26/23 6:15,618,0,7.1117,7.0936,-0.883994,-0.932381,24.8605,55.2,24.5
SEAFET02114,5/26/23 10:30,5/26/23 6:30,619,0,7.1125,7.0937,-0.884034,-0.93241,24.7559,55.2,24.4
SEAFET02114,5/26/23 10:45,5/26/23 6:45,620,0,7.1142,7.0949,-0.884026,-0.932376,24.6486,55.2,24.3
SEAFET02114,5/26/23 11:00,5/26/23 7:00,621,0,7.1143,7.0948,-0.884111,-0.932416,24.5431,55.2,24.2
SEAFET02114,5/26/23 11:15,5/26/23 7:15,622,0,7.1146,7.0942,-0.884183,-0.932487,24.4376,55.1,24.1
SEAFET02114,5/26/23 11:30,5/26/23 7:30,623,0,7.1161,7.0955,-0.884178,-0.932444,24.3397,55.1,24
SEAFET02114,5/26/23 11:45,5/26/23 7:45,624,0,7.1156,7.0945,-0.884283,-0.932533,24.2508,55,23.9
SEAFET02114,5/26/23 12:00,5/26/23 8:00,625,0,7.116,7.094,-0.88433,-0.932586,24.169,55.1,23.9
SEAFET02114,5/26/23 12:15,5/26/23 8:15,626,0,7.1101,7.0878,-0.88474,-0.932975,24.0974,55,23.8
SEAFET02114,5/26/23 12:30,5/26/23 8:30,627,0,7.1121,7.0891,-0.884644,-0.932912,24.0694,55,23.9
SEAFET02114,5/26/23 12:45,5/26/23 8:45,628,0,7.1126,7.089,-0.884581,-0.932905,24.1091,55,24.1
SEAFET02114,5/26/23 13:00,5/26/23 9:00,629,0,7.1118,7.0882,-0.884533,-0.932914,24.2211,55,24.3
SEAFET02114,5/26/23 13:15,5/26/23 9:15,630,0,7.1095,7.0863,-0.884524,-0.93297,24.3862,55,24.6
SEAFET02114,5/26/23 13:30,5/26/23 9:30,631,0,7.1052,7.0823,-0.884625,-0.933149,24.5691,55,24.8
SEAFET02114,5/26/23 13:45,5/26/23 9:45,632,0,7.1026,7.0799,-0.884637,-0.933234,24.7338,55,25
SEAFET02114,5/26/23 14:00,5/26/23 10:00,633,0,7.1013,7.0793,-0.884613,-0.933229,24.8542,55.1,25.1
SEAFET02114,5/26/23 14:15,5/26/23 10:15,634,0,7.1003,7.0787,-0.884608,-0.93324,24.9283,55.1,25.1
SEAFET02114,5/26/23 14:30,5/26/23 10:30,635,0,7.099,7.0784,-0.884652,-0.933248,24.9649,55.1,25
SEAFET02114,5/26/23 14:45,5/26/23 10:45,636,0,7.0985,7.0784,-0.88468,-0.933245,24.9672,55.1,24.9
SEAFET02114,5/26/23 15:00,5/26/23 11:00,637,0,7.1,7.0804,-0.884613,-0.933137,24.9396,55.1,24.8
SEAFET02114,5/26/23 15:15,5/26/23 11:15,638,0,7.1007,7.0814,-0.884614,-0.933093,24.8924,55.2,24.8
SEAFET02114,5/26/23 15:30,5/26/23 11:30,639,0,7.1013,7.0827,-0.884631,-0.933037,24.834,55.1,24.7
SEAFET02114,5/26/23 15:45,5/26/23 11:45,640,0,7.1024,7.0839,-0.88462,-0.932986,24.7685,55.1,24.5
SEAFET02114,5/26/23 16:00,5/26/23 12:00,641,0,7.1027,7.0844,-0.884658,-0.932978,24.6999,55.1,24.5
SEAFET02114,5/26/23 16:15,5/26/23 12:15,642,0,7.1039,7.0859,-0.88465,-0.932913,24.6287,55.1,24.4
SEAFET02114,5/26/23 16:30,5/26/23 12:30,643,0,7.1058,7.0878,-0.884598,-0.932826,24.5567,55.1,24.3
SEAFET02114,5/26/23 16:45,5/26/23 12:45,644,0,7.1062,7.0878,-0.884641,-0.932852,24.4835,55,24.2
SEAFET02114,5/26/23 17:00,5/26/23 13:00,645,0,7.1046,7.0877,-0.884799,-0.932881,24.4072,55.1,24.2
SEAFET02114,5/26/23 17:15,5/26/23 13:15,646,0,7.1045,7.0853,-0.884835,-0.933035,24.3714,55,24.1
SEAFET02114,5/26/23 17:30,5/26/23 13:30,647,0,7.1046,7.0857,-0.884866,-0.933022,24.3286,55,24.1
SEAFET02114,5/26/23 17:45,5/26/23 13:45,648,0,7.1067,7.0877,-0.88479,-0.932924,24.2713,55,24
SEAFET02114,5/26/23 18:00,5/26/23 14:00,649,0,7.1087,7.0899,-0.884733,-0.932822,24.1986,55,23.9
SEAFET02114,5/26/23 18:15,5/26/23 14:15,650,0,7.1089,7.0905,-0.884795,-0.932812,24.1136,54.9,23.8
SEAFET02114,5/26/23 18:30,5/26/23 14:30,651,0,7.1105,7.0919,-0.884783,-0.932762,24.0184,54.9,23.7
SEAFET02114,5/26/23 18:45,5/26/23 14:45,652,0,7.112,7.0935,-0.884781,-0.932702,23.9183,54.9,23.6