Date,Time,Timestamp.UTC,Timestamp.AST,Speed (cm/s),Heading (degrees),Velocity-N (cm/s),Velocity-E (cm/s),Date,Temperature (C)
5/20/23,00:00:00,2023-05-20 00:00:00,2023-05-19 20:00:00,88.06,45.36,61.88,62.66,5/20/23,30.9209
5/20/23,00:15:00,2023-05-20 00:15:00,2023-05-19 20:15:00,88.06,45.46,61.76,62.77,5/20/23,30.8142
5/20/23,00:30:00,2023-05-20 00:30:00,2023-05-19 20:30:00,88.07,45.38,61.86,62.69,5/20/23,30.7163
5/20/23,00:45:00,2023-05-20 00:45:00,2023-05-19 20:45:00,88.07,45.46,61.78,62.77,5/20/23,30.6155
5/20/23,01:00:00,2023-05-20 01:00:00,2023-05-19 21:00:00,88.07,45.43,61.8,62.75,5/20/23,30.5135
5/20/23,01:15:00,2023-05-20 01:15:00,2023-05-19 21:15:00,88.08,45.58,61.65,62.9,5/20/23,30.4101
5/20/23,01:30:00,2023-05-20 01:30:00,2023-05-19 21:30:00,88.08,47.94,59.01,65.39,5/20/23,30.3053
5/20/23,01:45:00,2023-05-20 01:45:00,2023-05-19 21:45:00,88.08,47.71,59.27,65.16,5/20/23,30.1993
5/20/23,02:00:00,2023-05-20 02:00:00,2023-05-19 22:00:00,88.08,47.74,59.23,65.19,5/20/23,30.0962
5/20/23,02:15:00,2023-05-20 02:15:00,2023-05-19 22:15:00,88.09,47.71,59.28,65.16,5/20/23,29.9904
5/20/23,02:30:00,2023-05-20 02:30:00,2023-05-19 22:30:00,88.09,47.8,59.18,65.25,5/20/23,29.8832
5/20/23,02:45:00,2023-05-20 02:45:00,2023-05-19 22:45:00,88.1,47.75,59.24,65.21,5/20/23,29.7776
5/20/23,03:00:00,2023-05-20 03:00:00,2023-05-19 23:00:00,88.1,47.91,59.05,65.38,5/20/23,29.6764
5/20/23,03:15:00,2023-05-20 03:15:00,2023-05-19 23:15:00,88.12,47.88,59.09,65.36,5/20/23,29.5782
5/20/23,03:30:00,2023-05-20 03:30:00,2023-05-19 23:30:00,88.11,48.48,58.41,65.97,5/20/23,29.4816
5/20/23,03:45:00,2023-05-20 03:45:00,2023-05-19 23:45:00,88.12,48.04,58.91,65.53,5/20/23,29.3879
5/20/23,04:00:00,2023-05-20 04:00:00,2023-05-20 00:00:00,88.13,48.13,58.82,65.62,5/20/23,29.2915
5/20/23,04:15:00,2023-05-20 04:15:00,2023-05-20 00:15:00,88.12,48.3,58.63,65.79,5/20/23,29.1951
5/20/23,04:30:00,2023-05-20 04:30:00,2023-05-20 00:30:00,88.12,48.17,58.77,65.67,5/20/23,29.0974
5/20/23,04:45:00,2023-05-20 04:45:00,2023-05-20 00:45:00,88.13,48.53,58.36,66.04,5/20/23,28.9998
5/20/23,05:00:00,2023-05-20 05:00:00,2023-05-20 01:00:00,88.14,48.66,58.22,66.17,5/20/23,28.9023
5/20/23,05:15:00,2023-05-20 05:15:00,2023-05-20 01:15:00,88.13,48.77,58.09,66.28,5/20/23,28.8048
5/20/23,05:30:00,2023-05-20 05:30:00,2023-05-20 01:30:00,88.14,48.75,58.11,66.27,5/20/23,28.7118
5/20/23,05:45:00,2023-05-20 05:45:00,2023-05-20 01:45:00,88.13,48.91,57.93,66.42,5/20/23,28.6188
5/20/23,06:00:00,2023-05-20 06:00:00,2023-05-20 02:00:00,88.15,48.76,58.11,66.28,5/20/23,28.5259
5/20/23,06:15:00,2023-05-20 06:15:00,2023-05-20 02:15:00,88.16,48.88,57.97,66.41,5/20/23,28.4345
5/20/23,06:30:00,2023-05-20 06:30:00,2023-05-20 02:30:00,88.15,48.83,58.03,66.36,5/20/23,28.3432
5/20/23,06:45:00,2023-05-20 06:45:00,2023-05-20 02:45:00,88.16,49.08,57.74,66.62,5/20/23,28.2519
5/20/23,07:00:00,2023-05-20 07:00:00,2023-05-20 03:00:00,88.16,48.75,58.13,66.29,5/20/23,28.1622
5/20/23,07:15:00,2023-05-20 07:15:00,2023-05-20 03:15:00,88.16,48.83,58.04,66.36,5/20/23,28.0683
5/20/23,07:30:00,2023-05-20 07:30:00,2023-05-20 03:30:00,88.16,49.07,57.76,66.61,5/20/23,27.9715
5/20/23,07:45:00,2023-05-20 07:45:00,2023-05-20 03:45:00,88.16,49.43,57.34,66.96,5/20/23,27.8749
5/20/23,08:00:00,2023-05-20 08:00:00,2023-05-20 04:00:00,88.17,49.56,57.19,67.11,5/20/23,27.7784
5/20/23,08:15:00,2023-05-20 08:15:00,2023-05-20 04:15:00,88.18,49.59,57.16,67.14,5/20/23,27.6833
5/20/23,08:30:00,2023-05-20 08:30:00,2023-05-20 04:30:00,88.18,49.84,56.87,67.39,5/20/23,27.5883
5/20/23,08:45:00,2023-05-20 08:45:00,2023-05-20 04:45:00,88.18,50.1,56.56,67.65,5/20/23,27.4977
5/20/23,09:00:00,2023-05-20 09:00:00,2023-05-20 05:00:00,88.19,50.01,56.68,67.56,5/20/23,27.4057
5/20/23,09:15:00,2023-05-20 09:15:00,2023-05-20 05:15:00,88.19,49.89,56.82,67.45,5/20/23,27.3166
5/20/23,09:30:00,2023-05-20 09:30:00,2023-05-20 05:30:00,88.18,50.32,56.3,67.87,5/20/23,27.2261
5/20/23,09:45:00,2023-05-20 09:45:00,2023-05-20 05:45:00,88.2,50.21,56.44,67.78,5/20/23,27.1428
5/20/23,10:00:00,2023-05-20 10:00:00,2023-05-20 06:00:00,88.19,50.07,56.61,67.63,5/20/23,27.0595
5/20/23,10:15:00,2023-05-20 10:15:00,2023-05-20 06:15:00,88.2,50.24,56.4,67.8,5/20/23,26.9791
5/20/23,10:30:00,2023-05-20 10:30:00,2023-05-20 06:30:00,88.7,38.65,69.27,55.4,5/20/23,26.9058
5/20/23,10:45:00,2023-05-20 10:45:00,2023-05-20 06:45:00,88.7,38.47,69.44,55.19,5/20/23,26.8466
5/20/23,11:00:00,2023-05-20 11:00:00,2023-05-20 07:00:00,88.71,38.25,69.67,54.92,5/20/23,26.7959
5/20/23,11:15:00,2023-05-20 11:15:00,2023-05-20 07:15:00,80.47,47.12,54.75,58.97,5/20/23,26.7748
5/20/23,11:30:00,2023-05-20 11:30:00,2023-05-20 07:30:00,86.42,74.06,23.73,83.09,5/20/23,26.658
5/20/23,11:45:00,2023-05-20 11:45:00,2023-05-20 07:45:00,86.46,74.06,23.74,83.13,5/20/23,26.4458
5/20/23,12:00:00,2023-05-20 12:00:00,2023-05-20 08:00:00,86.47,74.04,23.78,83.14,5/20/23,26.3363
5/20/23,12:15:00,2023-05-20 12:15:00,2023-05-20 08:15:00,86.5,73.97,23.88,83.14,5/20/23,26.3742
5/20/23,12:30:00,2023-05-20 12:30:00,2023-05-20 08:30:00,86.51,73.8,24.13,83.08,5/20/23,26.5582
5/20/23,12:45:00,2023-05-20 12:45:00,2023-05-20 08:45:00,86.53,73.88,24.02,83.13,5/20/23,26.872
5/20/23,13:00:00,2023-05-20 13:00:00,2023-05-20 09:00:00,86.54,73.51,24.56,82.98,5/20/23,27.2954
5/20/23,13:15:00,2023-05-20 13:15:00,2023-05-20 09:15:00,86.54,73.09,25.17,82.79,5/20/23,27.8011
5/20/23,13:30:00,2023-05-20 13:30:00,2023-05-20 09:30:00,86.53,73.01,25.29,82.75,5/20/23,28.3489
5/20/23,13:45:00,2023-05-20 13:45:00,2023-05-20 09:45:00,86.31,76.79,19.72,84.02,5/20/23,28.9008
5/20/23,14:00:00,2023-05-20 14:00:00,2023-05-20 10:00:00,86.89,46.74,59.55,63.28,5/20/23,29.3836
5/20/23,14:15:00,2023-05-20 14:15:00,2023-05-20 10:15:00,85.53,24.05,78.1,34.86,5/20/23,29.6966
5/20/23,14:30:00,2023-05-20 14:30:00,2023-05-20 10:30:00,87.95,335.32,79.92,-36.72,5/20/23,29.779
5/20/23,14:45:00,2023-05-20 14:45:00,2023-05-20 10:45:00,88,336.63,80.78,-34.91,5/20/23,29.6562
5/20/23,15:00:00,2023-05-20 15:00:00,2023-05-20 11:00:00,88.05,330.89,76.93,-42.83,5/20/23,29.5898
5/20/23,15:15:00,2023-05-20 15:15:00,2023-05-20 11:15:00,87.98,334.57,79.46,-37.77,5/20/23,29.6533
5/20/23,15:30:00,2023-05-20 15:30:00,2023-05-20 11:30:00,86.07,349.78,84.7,-15.27,5/20/23,29.8239
5/20/23,15:45:00,2023-05-20 15:45:00,2023-05-20 11:45:00,80.51,321.88,63.33,-49.7,5/20/23,30.0324
5/20/23,16:00:00,2023-05-20 16:00:00,2023-05-20 12:00:00,81.81,4.65,81.54,6.63,5/20/23,30.0107
5/20/23,16:15:00,2023-05-20 16:15:00,2023-05-20 12:15:00,83.7,324.55,68.18,-48.55,5/20/23,29.6316
5/20/23,16:30:00,2023-05-20 16:30:00,2023-05-20 12:30:00,78.28,350.76,77.27,-12.57,5/20/23,29.1592
5/20/23,16:45:00,2023-05-20 16:45:00,2023-05-20 12:45:00,93.3,339.95,87.64,-31.99,5/20/23,28.6688
5/20/23,17:00:00,2023-05-20 17:00:00,2023-05-20 13:00:00,79.46,125.23,-45.83,64.91,5/20/23,28.1508
5/20/23,17:15:00,2023-05-20 17:15:00,2023-05-20 13:15:00,83.34,92.38,-3.46,83.27,5/20/23,27.6053
5/20/23,17:30:00,2023-05-20 17:30:00,2023-05-20 13:30:00,82.79,75.96,20.08,80.31,5/20/23,27.0948
5/20/23,17:45:00,2023-05-20 17:45:00,2023-05-20 13:45:00,77,107.08,-22.61,73.61,5/20/23,26.6369
5/20/23,18:00:00,2023-05-20 18:00:00,2023-05-20 14:00:00,88.06,193.51,-85.62,-20.57,5/20/23,26.2745
5/20/23,18:15:00,2023-05-20 18:15:00,2023-05-20 14:15:00,91.07,56.74,49.95,76.15,5/20/23,26.8368
5/20/23,18:30:00,2023-05-20 18:30:00,2023-05-20 14:30:00,83.17,48.95,54.62,62.72,5/20/23,27.6521
5/20/23,18:45:00,2023-05-20 18:45:00,2023-05-20 14:45:00,80.59,48.47,53.43,60.33,5/20/23,28.1779
5/20/23,19:00:00,2023-05-20 19:00:00,2023-05-20 15:00:00,79.23,48.3,52.71,59.15,5/20/23,28.523
5/20/23,19:15:00,2023-05-20 19:15:00,2023-05-20 15:15:00,72.52,18.35,68.83,22.83,5/20/23,28.9453
5/20/23,19:30:00,2023-05-20 19:30:00,2023-05-20 15:30:00,68.78,12.67,67.11,15.09,5/20/23,29.5927
5/20/23,19:45:00,2023-05-20 19:45:00,2023-05-20 15:45:00,61.73,1.03,61.72,1.11,5/20/23,29.9179
5/20/23,20:00:00,2023-05-20 20:00:00,2023-05-20 16:00:00,61.72,0.97,61.71,1.05,5/20/23,29.9817
5/20/23,20:15:00,2023-05-20 20:15:00,2023-05-20 16:15:00,61.7,0.92,61.7,0.99,5/20/23,30.0107
5/20/23,20:30:00,2023-05-20 20:30:00,2023-05-20 16:30:00,61.67,0.94,61.66,1.01,5/20/23,30.0454
5/20/23,20:45:00,2023-05-20 20:45:00,2023-05-20 16:45:00,61.67,0.92,61.66,0.99,5/20/23,30.0861
5/20/23,21:00:00,2023-05-20 21:00:00,2023-05-20 17:00:00,61.66,0.86,61.65,0.93,5/20/23,30.1354
5/20/23,21:15:00,2023-05-20 21:15:00,2023-05-20 17:15:00,61.65,0.89,61.64,0.96,5/20/23,30.1847
5/20/23,21:30:00,2023-05-20 21:30:00,2023-05-20 17:30:00,61.65,0.78,61.64,0.84,5/20/23,30.224
5/20/23,21:45:00,2023-05-20 21:45:00,2023-05-20 17:45:00,61.63,0.79,61.63,0.84,5/20/23,30.253
5/20/23,22:00:00,2023-05-20 22:00:00,2023-05-20 18:00:00,61.57,0.69,61.57,0.74,5/20/23,30.2734
5/20/23,22:15:00,2023-05-20 22:15:00,2023-05-20 18:15:00,61.56,0.71,61.56,0.76,5/20/23,30.2864
5/20/23,22:30:00,2023-05-20 22:30:00,2023-05-20 18:30:00,61.55,0.85,61.54,0.91,5/20/23,30.2937
5/20/23,22:45:00,2023-05-20 22:45:00,2023-05-20 18:45:00,61.55,0.82,61.54,0.88,5/20/23,30.2937
5/20/23,23:00:00,2023-05-20 23:00:00,2023-05-20 19:00:00,61.54,0.85,61.54,0.92,5/20/23,30.285
5/20/23,23:15:00,2023-05-20 23:15:00,2023-05-20 19:15:00,61.54,0.86,61.53,0.92,5/20/23,30.269
5/20/23,23:30:00,2023-05-20 23:30:00,2023-05-20 19:30:00,61.54,0.79,61.53,0.85,5/20/23,30.2457
5/20/23,23:45:00,2023-05-20 23:45:00,2023-05-20 19:45:00,61.53,0.73,61.52,0.79,5/20/23,30.2196
5/21/23,00:00:00,2023-05-21 00:00:00,2023-05-20 20:00:00,61.52,0.86,61.51,0.92,5/21/23,30.192
5/21/23,00:15:00,2023-05-21 00:15:00,2023-05-20 20:15:00,61.52,0.84,61.51,0.91,5/21/23,30.1557
5/21/23,00:30:00,2023-05-21 00:30:00,2023-05-20 20:30:00,61.51,0.73,61.51,0.78,5/21/23,30.1165
5/21/23,00:45:00,2023-05-21 00:45:00,2023-05-20 20:45:00,61.51,0.89,61.5,0.95,5/21/23,30.0759
5/21/23,01:00:00,2023-05-21 01:00:00,2023-05-20 21:00:00,61.49,0.72,61.49,0.77,5/21/23,30.028
5/21/23,01:15:00,2023-05-21 01:15:00,2023-05-20 21:15:00,61.49,0.87,61.48,0.93,5/21/23,29.9773
5/21/23,01:30:00,2023-05-21 01:30:00,2023-05-20 21:30:00,61.48,0.72,61.48,0.77,5/21/23,29.9281
5/21/23,01:45:00,2023-05-21 01:45:00,2023-05-20 21:45:00,61.48,0.9,61.47,0.97,5/21/23,29.8788
5/21/23,02:00:00,2023-05-21 02:00:00,2023-05-20 22:00:00,61.47,0.76,61.47,0.81,5/21/23,29.8311
5/21/23,02:15:00,2023-05-21 02:15:00,2023-05-20 22:15:00,61.47,0.84,61.46,0.91,5/21/23,29.7848
5/21/23,02:30:00,2023-05-21 02:30:00,2023-05-20 22:30:00,61.47,0.83,61.47,0.89,5/21/23,29.7414
5/21/23,02:45:00,2023-05-21 02:45:00,2023-05-20 22:45:00,61.47,0.77,61.46,0.82,5/21/23,29.6981
5/21/23,03:00:00,2023-05-21 03:00:00,2023-05-20 23:00:00,61.46,0.94,61.45,1.01,5/21/23,29.6547
5/21/23,03:15:00,2023-05-21 03:15:00,2023-05-20 23:15:00,61.46,0.75,61.45,0.81,5/21/23,29.61
5/21/23,03:30:00,2023-05-21 03:30:00,2023-05-20 23:30:00,61.45,0.92,61.44,0.99,5/21/23,29.5667
5/21/23,03:45:00,2023-05-21 03:45:00,2023-05-20 23:45:00,61.45,0.81,61.44,0.87,5/21/23,29.5176
5/21/23,04:00:00,2023-05-21 04:00:00,2023-05-21 00:00:00,61.44,0.88,61.43,0.95,5/21/23,29.4729
5/21/23,04:15:00,2023-05-21 04:15:00,2023-05-21 00:15:00,61.43,0.82,61.43,0.88,5/21/23,29.4239
5/21/23,04:30:00,2023-05-21 04:30:00,2023-05-21 00:30:00,61.44,0.84,61.43,0.9,5/21/23,29.3735
5/21/23,04:45:00,2023-05-21 04:45:00,2023-05-21 00:45:00,61.43,0.84,61.42,0.9,5/21/23,29.3217
5/21/23,05:00:00,2023-05-21 05:00:00,2023-05-21 01:00:00,61.43,0.86,61.42,0.92,5/21/23,29.2685
5/21/23,05:15:00,2023-05-21 05:15:00,2023-05-21 01:15:00,61.42,0.8,61.42,0.86,5/21/23,29.2167
5/21/23,05:30:00,2023-05-21 05:30:00,2023-05-21 01:30:00,61.42,0.84,61.41,0.9,5/21/23,29.1635
5/21/23,05:45:00,2023-05-21 05:45:00,2023-05-21 01:45:00,61.41,0.74,61.41,0.79,5/21/23,29.1075
5/21/23,06:00:00,2023-05-21 06:00:00,2023-05-21 02:00:00,61.41,0.77,61.41,0.82,5/21/23,29.05
5/21/23,06:15:00,2023-05-21 06:15:00,2023-05-21 02:15:00,61.4,0.72,61.4,0.77,5/21/23,28.9912
5/21/23,06:30:00,2023-05-21 06:30:00,2023-05-21 02:30:00,61.4,0.73,61.4,0.78,5/21/23,28.9295
5/21/23,06:45:00,2023-05-21 06:45:00,2023-05-21 02:45:00,61.39,0.67,61.39,0.72,5/21/23,28.8578
5/21/23,07:00:00,2023-05-21 07:00:00,2023-05-21 03:00:00,61.39,0.63,61.38,0.67,5/21/23,28.779
5/21/23,07:15:00,2023-05-21 07:15:00,2023-05-21 03:15:00,61.38,0.69,61.38,0.74,5/21/23,28.6975
5/21/23,07:30:00,2023-05-21 07:30:00,2023-05-21 03:30:00,61.37,0.7,61.37,0.75,5/21/23,28.6145
5/21/23,07:45:00,2023-05-21 07:45:00,2023-05-21 03:45:00,61.38,0.6,61.37,0.65,5/21/23,28.5345
5/21/23,08:00:00,2023-05-21 08:00:00,2023-05-21 04:00:00,61.37,0.5,61.37,0.53,5/21/23,28.4545
5/21/23,08:15:00,2023-05-21 08:15:00,2023-05-21 04:15:00,61.36,0.52,61.36,0.56,5/21/23,28.3717
5/21/23,08:30:00,2023-05-21 08:30:00,2023-05-21 04:30:00,61.35,0.58,61.35,0.62,5/21/23,28.2861
5/21/23,08:45:00,2023-05-21 08:45:00,2023-05-21 04:45:00,61.35,0.61,61.35,0.66,5/21/23,28.2035
5/21/23,09:00:00,2023-05-21 09:00:00,2023-05-21 05:00:00,61.34,0.5,61.34,0.54,5/21/23,28.1266
5/21/23,09:15:00,2023-05-21 09:15:00,2023-05-21 05:15:00,61.34,0.47,61.34,0.5,5/21/23,28.0526
5/21/23,09:30:00,2023-05-21 09:30:00,2023-05-21 05:30:00,61.34,0.48,61.34,0.51,5/21/23,27.9815
5/21/23,09:45:00,2023-05-21 09:45:00,2023-05-21 05:45:00,61.34,0.52,61.33,0.56,5/21/23,27.9161
5/21/23,10:00:00,2023-05-21 10:00:00,2023-05-21 06:00:00,61.33,0.46,61.32,0.49,5/21/23,27.8508
5/21/23,10:15:00,2023-05-21 10:15:00,2023-05-21 06:15:00,61.32,0.45,61.32,0.48,5/21/23,27.7883
5/21/23,10:30:00,2023-05-21 10:30:00,2023-05-21 06:30:00,61.32,0.5,61.32,0.53,5/21/23,27.723
5/21/23,10:45:00,2023-05-21 10:45:00,2023-05-21 06:45:00,61.23,0.62,61.23,0.67,5/21/23,27.6564
5/21/23,11:00:00,2023-05-21 11:00:00,2023-05-21 07:00:00,61.19,0.52,61.19,0.55,5/21/23,27.5883
5/21/23,11:15:00,2023-05-21 11:15:00,2023-05-21 07:15:00,93.38,322.44,74.02,-56.93,5/21/23,27.5062
5/21/23,11:30:00,2023-05-21 11:30:00,2023-05-21 07:30:00,12.78,258.55,-2.54,-12.52,5/21/23,27.5869
5/21/23,11:45:00,2023-05-21 11:45:00,2023-05-21 07:45:00,13.55,62.4,6.28,12.01,5/21/23,28.5002
5/21/23,12:00:00,2023-05-21 12:00:00,2023-05-21 08:00:00,13.38,249.03,-4.79,-12.5,5/21/23,28.2762
5/21/23,12:15:00,2023-05-21 12:15:00,2023-05-21 08:15:00,3.33,119.38,-1.64,2.9,5/21/23,29.221
2023-05-21,12:30:00,2023-05-21 12:30:00,2023-05-21 08:30:00,1.46,99.92,-0.25,1.44,5/21/23,29.2541
2023-05-21,12:45:00,2023-05-21 12:45:00,2023-05-21 08:45:00,1.35,107.66,-0.41,1.29,5/21/23,29.28
2023-05-21,13:00:00,2023-05-21 13:00:00,2023-05-21 09:00:00,1.98,106.68,-0.57,1.9,5/21/23,29.28
2023-05-21,13:15:00,2023-05-21 13:15:00,2023-05-21 09:15:00,1.5,61.02,0.73,1.31,5/21/23,29.2886
2023-05-21,13:30:00,2023-05-21 13:30:00,2023-05-21 09:30:00,1.83,71.48,0.58,1.73,5/21/23,29.2958
2023-05-21,13:45:00,2023-05-21 13:45:00,2023-05-21 09:45:00,1.33,69.22,0.47,1.24,5/21/23,29.2944
2023-05-21,14:00:00,2023-05-21 14:00:00,2023-05-21 10:00:00,1.6,105.77,-0.44,1.54,5/21/23,29.2872
2023-05-21,14:15:00,2023-05-21 14:15:00,2023-05-21 10:15:00,1.45,165.65,-1.41,0.36,5/21/23,29.2929
2023-05-21,14:30:00,2023-05-21 14:30:00,2023-05-21 10:30:00,1.9,67.81,0.72,1.76,5/21/23,29.2915
2023-05-21,14:45:00,2023-05-21 14:45:00,2023-05-21 10:45:00,1.57,90.66,-0.02,1.57,5/21/23,29.3087
2023-05-21,15:00:00,2023-05-21 15:00:00,2023-05-21 11:00:00,1.78,133.71,-1.23,1.28,5/21/23,29.3159
2023-05-21,15:15:00,2023-05-21 15:15:00,2023-05-21 11:15:00,2,98.97,-0.31,1.97,5/21/23,29.3303
2023-05-21,15:30:00,2023-05-21 15:30:00,2023-05-21 11:30:00,1.77,119,-0.86,1.54,5/21/23,29.3318
2023-05-21,15:45:00,2023-05-21 15:45:00,2023-05-21 11:45:00,1.46,93.44,-0.09,1.45,5/21/23,29.339
2023-05-21,16:00:00,2023-05-21 16:00:00,2023-05-21 12:00:00,1.4,148.55,-1.2,0.73,5/21/23,29.3476
2023-05-21,16:15:00,2023-05-21 16:15:00,2023-05-21 12:15:00,1.09,98.08,-0.15,1.08,5/21/23,29.3635
2023-05-21,16:30:00,2023-05-21 16:30:00,2023-05-21 12:30:00,1.72,159.56,-1.61,0.6,5/21/23,29.3692
2023-05-21,16:45:00,2023-05-21 16:45:00,2023-05-21 12:45:00,0.59,102.01,-0.12,0.57,5/21/23,29.3707
2023-05-21,17:00:00,2023-05-21 17:00:00,2023-05-21 13:00:00,3.16,67.38,1.22,2.92,5/21/23,29.3764
2023-05-21,17:15:00,2023-05-21 17:15:00,2023-05-21 13:15:00,0.85,240.42,-0.42,-0.74,5/21/23,29.3735
2023-05-21,17:30:00,2023-05-21 17:30:00,2023-05-21 13:30:00,2.56,200.35,-2.4,-0.89,5/21/23,29.3764
2023-05-21,17:45:00,2023-05-21 17:45:00,2023-05-21 13:45:00,1.73,216.77,-1.39,-1.04,5/21/23,29.3764
2023-05-21,18:00:00,2023-05-21 18:00:00,2023-05-21 14:00:00,1.49,123.44,-0.82,1.25,5/21/23,29.3865
2023-05-21,18:15:00,2023-05-21 18:15:00,2023-05-21 14:15:00,1.55,173.7,-1.55,0.17,5/21/23,29.3966
2023-05-21,18:30:00,2023-05-21 18:30:00,2023-05-21 14:30:00,0.06,8.62,0.06,0.01,5/21/23,29.4009
2023-05-21,18:45:00,2023-05-21 18:45:00,2023-05-21 14:45:00,0.98,119.3,-0.48,0.86,5/21/23,29.4095
2023-05-21,19:00:00,2023-05-21 19:00:00,2023-05-21 15:00:00,2.01,227.78,-1.35,-1.49,5/21/23,29.4067
2023-05-21,19:15:00,2023-05-21 19:15:00,2023-05-21 15:15:00,1.03,19.12,0.97,0.34,5/21/23,29.4038
2023-05-21,19:30:00,2023-05-21 19:30:00,2023-05-21 15:30:00,1.32,136.69,-0.96,0.91,5/21/23,29.4023
2023-05-21,19:45:00,2023-05-21 19:45:00,2023-05-21 15:45:00,0.38,140.24,-0.29,0.24,5/21/23,29.3937
2023-05-21,20:00:00,2023-05-21 20:00:00,2023-05-21 16:00:00,2.33,252.36,-0.71,-2.22,5/21/23,29.3923
2023-05-21,20:15:00,2023-05-21 20:15:00,2023-05-21 16:15:00,1.9,285.72,0.52,-1.83,5/21/23,29.3635
2023-05-21,20:30:00,2023-05-21 20:30:00,2023-05-21 16:30:00,1.41,88.27,0.04,1.41,5/21/23,29.3606
2023-05-21,20:45:00,2023-05-21 20:45:00,2023-05-21 16:45:00,1.33,36.37,1.07,0.79,5/21/23,29.3663
2023-05-21,21:00:00,2023-05-21 21:00:00,2023-05-21 17:00:00,1.95,83.52,0.22,1.94,5/21/23,29.3606
2023-05-21,21:15:00,2023-05-21 21:15:00,2023-05-21 17:15:00,0.8,30.67,0.69,0.41,5/21/23,29.3534
2023-05-21,21:30:00,2023-05-21 21:30:00,2023-05-21 17:30:00,1.93,61.18,0.93,1.69,5/21/23,29.3404
2023-05-21,21:45:00,2023-05-21 21:45:00,2023-05-21 17:45:00,1.65,109.83,-0.56,1.55,5/21/23,29.339
2023-05-21,22:00:00,2023-05-21 22:00:00,2023-05-21 18:00:00,0.96,68.39,0.36,0.9,5/21/23,29.3404
2023-05-21,22:15:00,2023-05-21 22:15:00,2023-05-21 18:15:00,2.8,36.78,2.24,1.67,5/21/23,29.3275
2023-05-21,22:30:00,2023-05-21 22:30:00,2023-05-21 18:30:00,1.42,76.93,0.32,1.38,5/21/23,29.2972
2023-05-21,22:45:00,2023-05-21 22:45:00,2023-05-21 18:45:00,0.79,112.67,-0.3,0.73,5/21/23,29.2972
2023-05-21,23:00:00,2023-05-21 23:00:00,2023-05-21 19:00:00,1,77.39,0.22,0.97,5/21/23,29.2944
2023-05-21,23:15:00,2023-05-21 23:15:00,2023-05-21 19:15:00,1.37,98.38,-0.2,1.36,5/21/23,29.2857
2023-05-21,23:30:00,2023-05-21 23:30:00,2023-05-21 19:30:00,1.17,160.78,-1.1,0.38,5/21/23,29.2742
2023-05-21,23:45:00,2023-05-21 23:45:00,2023-05-21 19:45:00,1.12,88.07,0.04,1.12,5/21/23,29.2656
2023-05-22,00:00:00,2023-05-22 00:00:00,2023-05-21 20:00:00,0.71,118.36,-0.34,0.62,5/22/23,29.2685
2023-05-22,00:15:00,2023-05-22 00:15:00,2023-05-21 20:15:00,0.06,339.04,0.06,-0.02,5/22/23,29.2685
2023-05-22,00:30:00,2023-05-22 00:30:00,2023-05-21 20:30:00,1,108.51,-0.32,0.95,5/22/23,29.2598
2023-05-22,00:45:00,2023-05-22 00:45:00,2023-05-21 20:45:00,1.03,105.97,-0.28,0.99,5/22/23,29.2584
2023-05-22,01:00:00,2023-05-22 01:00:00,2023-05-21 21:00:00,1.34,142.34,-1.06,0.82,5/22/23,29.2584
2023-05-22,01:15:00,2023-05-22 01:15:00,2023-05-21 21:15:00,1.39,96.81,-0.16,1.38,5/22/23,29.2584
2023-05-22,01:30:00,2023-05-22 01:30:00,2023-05-21 21:30:00,1.58,110.65,-0.56,1.48,5/22/23,29.2469
2023-05-22,01:45:00,2023-05-22 01:45:00,2023-05-21 21:45:00,1.57,95.29,-0.14,1.57,5/22/23,29.2411
2023-05-22,02:00:00,2023-05-22 02:00:00,2023-05-21 22:00:00,1.87,100.28,-0.33,1.84,5/22/23,29.2339
2023-05-22,02:15:00,2023-05-22 02:15:00,2023-05-21 22:15:00,2.21,107.46,-0.66,2.11,5/22/23,29.2368
2023-05-22,02:30:00,2023-05-22 02:30:00,2023-05-21 22:30:00,1.84,122.01,-0.97,1.56,5/22/23,29.2311
2023-05-22,02:45:00,2023-05-22 02:45:00,2023-05-21 22:45:00,1.71,108.77,-0.55,1.61,5/22/23,29.2325
2023-05-22,03:00:00,2023-05-22 03:00:00,2023-05-21 23:00:00,2.32,94.35,-0.18,2.31,5/22/23,29.2253
2023-05-22,03:15:00,2023-05-22 03:15:00,2023-05-21 23:15:00,0.63,59.71,0.32,0.54,5/22/23,29.221
2023-05-22,03:30:00,2023-05-22 03:30:00,2023-05-21 23:30:00,1.28,107.03,-0.38,1.23,5/22/23,29.2181
2023-05-22,03:45:00,2023-05-22 03:45:00,2023-05-21 23:45:00,1.81,70.76,0.6,1.71,5/22/23,29.2081
2023-05-22,04:00:00,2023-05-22 04:00:00,2023-05-22 00:00:00,1.5,37.23,1.2,0.91,5/22/23,29.2009
2023-05-22,04:15:00,2023-05-22 04:15:00,2023-05-22 00:15:00,1.58,98.64,-0.24,1.56,5/22/23,29.1879
2023-05-22,04:30:00,2023-05-22 04:30:00,2023-05-22 00:30:00,2.07,81.48,0.31,2.05,5/22/23,29.1836
2023-05-22,04:45:00,2023-05-22 04:45:00,2023-05-22 00:45:00,0.62,57.1,0.34,0.52,5/22/23,29.1764
2023-05-22,05:00:00,2023-05-22 05:00:00,2023-05-22 01:00:00,0.82,71.54,0.26,0.78,5/22/23,29.1736
2023-05-22,05:15:00,2023-05-22 05:15:00,2023-05-22 01:15:00,0.35,102.13,-0.07,0.34,5/22/23,29.1736
2023-05-22,05:30:00,2023-05-22 05:30:00,2023-05-22 01:30:00,1.01,340.16,0.95,-0.34,5/22/23,29.1678
2023-05-22,05:45:00,2023-05-22 05:45:00,2023-05-22 01:45:00,0.84,186.93,-0.83,-0.1,5/22/23,29.1592
2023-05-22,06:00:00,2023-05-22 06:00:00,2023-05-22 02:00:00,1.6,37.89,1.26,0.98,5/22/23,29.1635
2023-05-22,06:15:00,2023-05-22 06:15:00,2023-05-22 02:15:00,2.4,11.95,2.35,0.5,5/22/23,29.1664
2023-05-22,06:30:00,2023-05-22 06:30:00,2023-05-22 02:30:00,1.86,148.36,-1.58,0.97,5/22/23,29.1506
2023-05-22,06:45:00,2023-05-22 06:45:00,2023-05-22 02:45:00,2.41,35.99,1.95,1.42,5/22/23,29.152
2023-05-22,07:00:00,2023-05-22 07:00:00,2023-05-22 03:00:00,0.69,112.26,-0.26,0.64,5/22/23,29.1534
2023-05-22,07:15:00,2023-05-22 07:15:00,2023-05-22 03:15:00,0.82,153.43,-0.74,0.37,5/22/23,29.1563
2023-05-22,07:30:00,2023-05-22 07:30:00,2023-05-22 03:30:00,0.36,138.29,-0.27,0.24,5/22/23,29.1434
2023-05-22,07:45:00,2023-05-22 07:45:00,2023-05-22 03:45:00,1.97,30.66,1.69,1,5/22/23,29.1434
2023-05-22,08:00:00,2023-05-22 08:00:00,2023-05-22 04:00:00,1.38,53.62,0.82,1.11,5/22/23,29.1448
2023-05-22,08:15:00,2023-05-22 08:15:00,2023-05-22 04:15:00,0.84,36.13,0.68,0.49,5/22/23,29.1405
2023-05-22,08:30:00,2023-05-22 08:30:00,2023-05-22 04:30:00,0.57,88.35,0.02,0.57,5/22/23,29.1448
2023-05-22,08:45:00,2023-05-22 08:45:00,2023-05-22 04:45:00,0.83,32.36,0.7,0.44,5/22/23,29.1434
2023-05-22,09:00:00,2023-05-22 09:00:00,2023-05-22 05:00:00,1.35,119.82,-0.67,1.17,5/22/23,29.1376
2023-05-22,09:15:00,2023-05-22 09:15:00,2023-05-22 05:15:00,1.46,135.69,-1.04,1.02,5/22/23,29.1247
2023-05-22,09:30:00,2023-05-22 09:30:00,2023-05-22 05:30:00,1.89,40.21,1.45,1.22,5/22/23,29.1218
2023-05-22,09:45:00,2023-05-22 09:45:00,2023-05-22 05:45:00,1.63,115.15,-0.69,1.48,5/22/23,29.1218
2023-05-22,10:00:00,2023-05-22 10:00:00,2023-05-22 06:00:00,1.33,142.81,-1.06,0.8,5/22/23,29.1031
2023-05-22,10:15:00,2023-05-22 10:15:00,2023-05-22 06:15:00,1.83,155.9,-1.67,0.75,5/22/23,29.0974
2023-05-22,10:30:00,2023-05-22 10:30:00,2023-05-22 06:30:00,1.57,152.55,-1.4,0.73,5/22/23,29.1017
2023-05-22,10:45:00,2023-05-22 10:45:00,2023-05-22 06:45:00,1.01,131.51,-0.67,0.75,5/22/23,29.1118
2023-05-22,11:00:00,2023-05-22 11:00:00,2023-05-22 07:00:00,1.92,122.5,-1.03,1.62,5/22/23,29.1175
2023-05-22,11:15:00,2023-05-22 11:15:00,2023-05-22 07:15:00,1.75,95.88,-0.18,1.74,5/22/23,29.1204
2023-05-22,11:30:00,2023-05-22 11:30:00,2023-05-22 07:30:00,2.34,97.09,-0.29,2.32,5/22/23,29.1175
2023-05-22,11:45:00,2023-05-22 11:45:00,2023-05-22 07:45:00,2.22,121.76,-1.17,1.89,5/22/23,29.1204
2023-05-22,12:00:00,2023-05-22 12:00:00,2023-05-22 08:00:00,5.75,59.55,2.92,4.96,5/22/23,29.1218
2023-05-22,12:15:00,2023-05-22 12:15:00,2023-05-22 08:15:00,1.98,80.35,0.33,1.95,5/22/23,29.1175
2023-05-22,12:30:00,2023-05-22 12:30:00,2023-05-22 08:30:00,1.9,164,-1.83,0.52,5/22/23,29.1218
2023-05-22,12:45:00,2023-05-22 12:45:00,2023-05-22 08:45:00,0.71,24.34,0.64,0.29,5/22/23,29.1218
2023-05-22,13:00:00,2023-05-22 13:00:00,2023-05-22 09:00:00,1.88,95.62,-0.18,1.87,5/22/23,29.1161
2023-05-22,13:15:00,2023-05-22 13:15:00,2023-05-22 09:15:00,0.88,131.63,-0.59,0.66,5/22/23,29.1175
2023-05-22,13:30:00,2023-05-22 13:30:00,2023-05-22 09:30:00,1.24,98.46,-0.18,1.23,5/22/23,29.1132
2023-05-22,13:45:00,2023-05-22 13:45:00,2023-05-22 09:45:00,1.41,67.09,0.55,1.3,5/22/23,29.1175
2023-05-22,14:00:00,2023-05-22 14:00:00,2023-05-22 10:00:00,1.09,112.96,-0.43,1.01,5/22/23,29.1233
2023-05-22,14:15:00,2023-05-22 14:15:00,2023-05-22 10:15:00,1.06,161.76,-1.01,0.33,5/22/23,29.1419
2023-05-22,14:30:00,2023-05-22 14:30:00,2023-05-22 10:30:00,1.11,68.57,0.4,1.03,5/22/23,29.1664
2023-05-22,14:45:00,2023-05-22 14:45:00,2023-05-22 10:45:00,2.1,78.05,0.44,2.06,5/22/23,29.1405
2023-05-22,15:00:00,2023-05-22 15:00:00,2023-05-22 11:00:00,1.02,188.19,-1.01,-0.15,5/22/23,29.1506
2023-05-22,15:15:00,2023-05-22 15:15:00,2023-05-22 11:15:00,0.92,87.84,0.03,0.92,5/22/23,29.1621
2023-05-22,15:30:00,2023-05-22 15:30:00,2023-05-22 11:30:00,1.37,253.16,-0.4,-1.31,5/22/23,29.1491
2023-05-22,15:45:00,2023-05-22 15:45:00,2023-05-22 11:45:00,1.51,116.1,-0.66,1.35,5/22/23,29.1434
2023-05-22,16:00:00,2023-05-22 16:00:00,2023-05-22 12:00:00,1.97,90.93,-0.03,1.97,5/22/23,29.1506
2023-05-22,16:15:00,2023-05-22 16:15:00,2023-05-22 12:15:00,1.12,82.84,0.14,1.11,5/22/23,29.1563
2023-05-22,16:30:00,2023-05-22 16:30:00,2023-05-22 12:30:00,0.81,132.68,-0.55,0.6,5/22/23,29.1577
2023-05-22,16:45:00,2023-05-22 16:45:00,2023-05-22 12:45:00,1.55,85.77,0.11,1.54,5/22/23,29.1534
2023-05-22,17:00:00,2023-05-22 17:00:00,2023-05-22 13:00:00,0.81,72.28,0.25,0.77,5/22/23,29.1649
2023-05-22,17:15:00,2023-05-22 17:15:00,2023-05-22 13:15:00,0.55,151.64,-0.49,0.26,5/22/23,29.1822
2023-05-22,17:30:00,2023-05-22 17:30:00,2023-05-22 13:30:00,1.46,102.61,-0.32,1.43,5/22/23,29.1807
2023-05-22,17:45:00,2023-05-22 17:45:00,2023-05-22 13:45:00,1.79,76.72,0.41,1.74,5/22/23,29.1779
2023-05-22,18:00:00,2023-05-22 18:00:00,2023-05-22 14:00:00,0.7,317.94,0.52,-0.47,5/22/23,29.198
2023-05-22,18:15:00,2023-05-22 18:15:00,2023-05-22 14:15:00,1.43,125.42,-0.83,1.17,5/22/23,29.1922
2023-05-22,18:30:00,2023-05-22 18:30:00,2023-05-22 14:30:00,1.36,97.48,-0.18,1.35,5/22/23,29.1894
2023-05-22,18:45:00,2023-05-22 18:45:00,2023-05-22 14:45:00,1.61,107.05,-0.47,1.54,5/22/23,29.1922
2023-05-22,19:00:00,2023-05-22 19:00:00,2023-05-22 15:00:00,0.8,120.73,-0.41,0.69,5/22/23,29.2066
2023-05-22,19:15:00,2023-05-22 19:15:00,2023-05-22 15:15:00,1.73,100.56,-0.32,1.7,5/22/23,29.221
2023-05-22,19:30:00,2023-05-22 19:30:00,2023-05-22 15:30:00,1.86,72.24,0.57,1.77,5/22/23,29.2253
2023-05-22,19:45:00,2023-05-22 19:45:00,2023-05-22 15:45:00,1.79,137.08,-1.31,1.22,5/22/23,29.2512
2023-05-22,20:00:00,2023-05-22 20:00:00,2023-05-22 16:00:00,0.47,12.21,0.46,0.1,5/22/23,29.267
2023-05-22,20:15:00,2023-05-22 20:15:00,2023-05-22 16:15:00,0.99,341.11,0.94,-0.32,5/22/23,29.2757
2023-05-22,20:30:00,2023-05-22 20:30:00,2023-05-22 16:30:00,1.15,89.73,0.01,1.15,5/22/23,29.2857
2023-05-22,20:45:00,2023-05-22 20:45:00,2023-05-22 16:45:00,2.26,335.71,2.06,-0.93,5/22/23,29.29
2023-05-22,21:00:00,2023-05-22 21:00:00,2023-05-22 17:00:00,1.98,313.91,1.37,-1.43,5/22/23,29.29
2023-05-22,21:15:00,2023-05-22 21:15:00,2023-05-22 17:15:00,1.49,97.25,-0.19,1.48,5/22/23,29.2857
2023-05-22,21:30:00,2023-05-22 21:30:00,2023-05-22 17:30:00,1.36,68.04,0.51,1.26,5/22/23,29.2742
2023-05-22,21:45:00,2023-05-22 21:45:00,2023-05-22 17:45:00,1.1,35.84,0.89,0.64,5/22/23,29.2699
2023-05-22,22:00:00,2023-05-22 22:00:00,2023-05-22 18:00:00,1.07,113.77,-0.43,0.98,5/22/23,29.2699
2023-05-22,22:15:00,2023-05-22 22:15:00,2023-05-22 18:15:00,1.64,344.47,1.58,-0.44,5/22/23,29.2627
2023-05-22,22:30:00,2023-05-22 22:30:00,2023-05-22 18:30:00,1.49,89.08,0.02,1.49,5/22/23,29.2411
2023-05-22,22:45:00,2023-05-22 22:45:00,2023-05-22 18:45:00,0.32,156.9,-0.3,0.13,5/22/23,29.2397
2023-05-22,23:00:00,2023-05-22 23:00:00,2023-05-22 19:00:00,1.68,74.65,0.45,1.62,5/22/23,29.2354
2023-05-22,23:15:00,2023-05-22 23:15:00,2023-05-22 19:15:00,1.29,124.7,-0.73,1.06,5/22/23,29.2239
2023-05-22,23:30:00,2023-05-22 23:30:00,2023-05-22 19:30:00,1.45,40.89,1.09,0.95,5/22/23,29.2167
2023-05-22,23:45:00,2023-05-22 23:45:00,2023-05-22 19:45:00,1.44,1.75,1.44,0.04,5/22/23,29.2095
2023-05-23,00:00:00,2023-05-23 00:00:00,2023-05-22 20:00:00,0.95,92.11,-0.04,0.95,5/23/23,29.1951
2023-05-23,00:15:00,2023-05-23 00:15:00,2023-05-22 20:15:00,1.12,54.77,0.65,0.91,5/23/23,29.1966
2023-05-23,00:30:00,2023-05-23 00:30:00,2023-05-22 20:30:00,0.93,105.62,-0.25,0.9,5/23/23,29.1937
2023-05-23,00:45:00,2023-05-23 00:45:00,2023-05-22 20:45:00,1.59,304.1,0.89,-1.31,5/23/23,29.1879
2023-05-23,01:00:00,2023-05-23 01:00:00,2023-05-22 21:00:00,1.41,152.06,-1.25,0.66,5/23/23,29.1779
2023-05-23,01:15:00,2023-05-23 01:15:00,2023-05-22 21:15:00,3.45,307.94,2.12,-2.72,5/23/23,29.1736
2023-05-23,01:30:00,2023-05-23 01:30:00,2023-05-22 21:30:00,1.21,108.47,-0.38,1.15,5/23/23,29.1692
2023-05-23,01:45:00,2023-05-23 01:45:00,2023-05-22 21:45:00,1.29,94.78,-0.11,1.28,5/23/23,29.1678
2023-05-23,02:00:00,2023-05-23 02:00:00,2023-05-22 22:00:00,2.42,61.29,1.16,2.12,5/23/23,29.1592
2023-05-23,02:15:00,2023-05-23 02:15:00,2023-05-22 22:15:00,1.44,94.6,-0.12,1.43,5/23/23,29.152
2023-05-23,02:30:00,2023-05-23 02:30:00,2023-05-22 22:30:00,1.22,78.8,0.24,1.2,5/23/23,29.1506
2023-05-23,02:45:00,2023-05-23 02:45:00,2023-05-22 22:45:00,1.2,335.39,1.09,-0.5,5/23/23,29.1391
2023-05-23,03:00:00,2023-05-23 03:00:00,2023-05-22 23:00:00,0.77,84.43,0.08,0.77,5/23/23,29.1304
2023-05-23,03:15:00,2023-05-23 03:15:00,2023-05-22 23:15:00,0.87,108.62,-0.28,0.83,5/23/23,29.1261
2023-05-23,03:30:00,2023-05-23 03:30:00,2023-05-22 23:30:00,1.85,95.57,-0.18,1.84,5/23/23,29.1276
2023-05-23,03:45:00,2023-05-23 03:45:00,2023-05-22 23:45:00,1.81,106.59,-0.52,1.73,5/23/23,29.1161
2023-05-23,04:00:00,2023-05-23 04:00:00,2023-05-23 00:00:00,1.32,82.38,0.18,1.31,5/23/23,29.1118
2023-05-23,04:15:00,2023-05-23 04:15:00,2023-05-23 00:15:00,1.5,119.75,-0.75,1.3,5/23/23,29.1075
2023-05-23,04:30:00,2023-05-23 04:30:00,2023-05-23 00:30:00,1.41,115.05,-0.6,1.28,5/23/23,29.1075
2023-05-23,04:45:00,2023-05-23 04:45:00,2023-05-23 00:45:00,1.57,116.08,-0.69,1.41,5/23/23,29.1075
2023-05-23,05:00:00,2023-05-23 05:00:00,2023-05-23 01:00:00,1.36,141.84,-1.07,0.84,5/23/23,29.1031
2023-05-23,05:15:00,2023-05-23 05:15:00,2023-05-23 01:15:00,1.56,133.34,-1.07,1.13,5/23/23,29.0988
2023-05-23,05:30:00,2023-05-23 05:30:00,2023-05-23 01:30:00,1.84,96.05,-0.19,1.83,5/23/23,29.0873
2023-05-23,05:45:00,2023-05-23 05:45:00,2023-05-23 01:45:00,2.22,134.3,-1.55,1.59,5/23/23,29.0859
2023-05-23,06:00:00,2023-05-23 06:00:00,2023-05-23 02:00:00,1.41,126.81,-0.85,1.13,5/23/23,29.0816
2023-05-23,06:15:00,2023-05-23 06:15:00,2023-05-23 02:15:00,1.33,102.94,-0.3,1.29,5/23/23,29.083
2023-05-23,06:30:00,2023-05-23 06:30:00,2023-05-23 02:30:00,1.94,130.93,-1.27,1.46,5/23/23,29.0845
2023-05-23,06:45:00,2023-05-23 06:45:00,2023-05-23 02:45:00,2.13,95.58,-0.21,2.12,5/23/23,29.0802
2023-05-23,07:00:00,2023-05-23 07:00:00,2023-05-23 03:00:00,1.53,62.62,0.7,1.36,5/23/23,29.0845
2023-05-23,07:15:00,2023-05-23 07:15:00,2023-05-23 03:15:00,1.03,133.04,-0.71,0.76,5/23/23,29.0845
2023-05-23,07:30:00,2023-05-23 07:30:00,2023-05-23 03:30:00,0.37,146.81,-0.31,0.2,5/23/23,29.0802
2023-05-23,07:45:00,2023-05-23 07:45:00,2023-05-23 03:45:00,0.55,262.89,-0.07,-0.55,5/23/23,29.0716
2023-05-23,08:00:00,2023-05-23 08:00:00,2023-05-23 04:00:00,1.74,96.62,-0.2,1.73,5/23/23,29.0716
2023-05-23,08:15:00,2023-05-23 08:15:00,2023-05-23 04:15:00,1.52,318.44,1.14,-1.01,5/23/23,29.0687
2023-05-23,08:30:00,2023-05-23 08:30:00,2023-05-23 04:30:00,0.37,151.88,-0.32,0.17,5/23/23,29.0601
2023-05-23,08:45:00,2023-05-23 08:45:00,2023-05-23 04:45:00,0.51,2.01,0.51,0.02,5/23/23,29.0558
2023-05-23,09:00:00,2023-05-23 09:00:00,2023-05-23 05:00:00,1.67,27.23,1.48,0.76,5/23/23,29.0558
2023-05-23,09:15:00,2023-05-23 09:15:00,2023-05-23 05:15:00,0.37,137.07,-0.27,0.25,5/23/23,29.0586
2023-05-23,09:30:00,2023-05-23 09:30:00,2023-05-23 05:30:00,0.58,70.8,0.19,0.54,5/23/23,29.0572
2023-05-23,09:45:00,2023-05-23 09:45:00,2023-05-23 05:45:00,1.11,120.47,-0.56,0.96,5/23/23,29.0572
2023-05-23,10:00:00,2023-05-23 10:00:00,2023-05-23 06:00:00,1.36,68.41,0.5,1.27,5/23/23,29.0515
2023-05-23,10:15:00,2023-05-23 10:15:00,2023-05-23 06:15:00,0.83,82.39,0.11,0.82,5/23/23,29.05
2023-05-23,10:30:00,2023-05-23 10:30:00,2023-05-23 06:30:00,1.17,166.38,-1.14,0.28,5/23/23,29.0428
2023-05-23,10:45:00,2023-05-23 10:45:00,2023-05-23 06:45:00,1.26,164.63,-1.22,0.33,5/23/23,29.0385
2023-05-23,11:00:00,2023-05-23 11:00:00,2023-05-23 07:00:00,1.4,37.75,1.11,0.86,5/23/23,29.04
2023-05-23,11:15:00,2023-05-23 11:15:00,2023-05-23 07:15:00,1.47,130.89,-0.96,1.11,5/23/23,29.0428
2023-05-23,11:30:00,2023-05-23 11:30:00,2023-05-23 07:30:00,1.59,112.11,-0.6,1.47,5/23/23,29.0443
2023-05-23,11:45:00,2023-05-23 11:45:00,2023-05-23 07:45:00,0.6,108.29,-0.19,0.57,5/23/23,29.0457
2023-05-23,12:00:00,2023-05-23 12:00:00,2023-05-23 08:00:00,2.36,305.6,1.37,-1.92,5/23/23,29.0471
2023-05-23,12:15:00,2023-05-23 12:15:00,2023-05-23 08:15:00,1.57,13.96,1.53,0.38,5/23/23,29.0328
2023-05-23,12:30:00,2023-05-23 12:30:00,2023-05-23 08:30:00,0.46,115.46,-0.2,0.41,5/23/23,29.0285
2023-05-23,12:45:00,2023-05-23 12:45:00,2023-05-23 08:45:00,0.37,73.59,0.1,0.35,5/23/23,29.0385
2023-05-23,13:00:00,2023-05-23 13:00:00,2023-05-23 09:00:00,2.09,112.06,-0.79,1.94,5/23/23,29.0572
2023-05-23,13:15:00,2023-05-23 13:15:00,2023-05-23 09:15:00,1.16,11.89,1.14,0.24,5/23/23,29.0615
2023-05-23,13:30:00,2023-05-23 13:30:00,2023-05-23 09:30:00,1.03,79.04,0.2,1.01,5/23/23,29.0716
2023-05-23,13:45:00,2023-05-23 13:45:00,2023-05-23 09:45:00,1.78,277.63,0.24,-1.77,5/23/23,29.0759
2023-05-23,14:00:00,2023-05-23 14:00:00,2023-05-23 10:00:00,1.43,100.02,-0.25,1.41,5/23/23,29.0845
2023-05-23,14:15:00,2023-05-23 14:15:00,2023-05-23 10:15:00,1.74,178.56,-1.74,0.04,5/23/23,29.0974
2023-05-23,14:30:00,2023-05-23 14:30:00,2023-05-23 10:30:00,2.23,296.67,1,-1.99,5/23/23,29.1031
2023-05-23,14:45:00,2023-05-23 14:45:00,2023-05-23 10:45:00,0.4,129.25,-0.25,0.31,5/23/23,29.1161
2023-05-23,15:00:00,2023-05-23 15:00:00,2023-05-23 11:00:00,1.64,196.86,-1.57,-0.48,5/23/23,29.1247
2023-05-23,15:15:00,2023-05-23 15:15:00,2023-05-23 11:15:00,2.29,265.53,-0.18,-2.29,5/23/23,29.1362
2023-05-23,15:30:00,2023-05-23 15:30:00,2023-05-23 11:30:00,0.91,76.76,0.21,0.88,5/23/23,29.1405
2023-05-23,15:45:00,2023-05-23 15:45:00,2023-05-23 11:45:00,1.89,283.43,0.44,-1.84,5/23/23,29.1506
2023-05-23,16:00:00,2023-05-23 16:00:00,2023-05-23 12:00:00,2.86,270.23,0.01,-2.86,5/23/23,29.1621
5/23/23,16:15:00,2023-05-23 16:15:00,2023-05-23 12:15:00,79.16,270.89,1.23,-79.15,5/23/23,29.3663
5/23/23,16:30:00,2023-05-23 16:30:00,2023-05-23 12:30:00,33.74,175.11,-33.62,2.88,5/23/23,36.9703
5/23/23,16:45:00,2023-05-23 16:45:00,2023-05-23 12:45:00,46.13,154.3,-41.57,20.01,5/23/23,30.978
5/23/23,17:00:00,2023-05-23 17:00:00,2023-05-23 13:00:00,32.31,272.95,1.66,-32.27,5/23/23,29.7747
5/23/23,17:15:00,2023-05-23 17:15:00,2023-05-23 13:15:00,90.29,349.46,88.76,-16.52,5/23/23,29.74
5/23/23,17:30:00,2023-05-23 17:30:00,2023-05-23 13:30:00,90.28,349.4,88.74,-16.61,5/23/23,29.688
5/23/23,17:45:00,2023-05-23 17:45:00,2023-05-23 13:45:00,90.26,349.57,88.77,-16.34,5/23/23,29.6345
5/23/23,18:00:00,2023-05-23 18:00:00,2023-05-23 14:00:00,90.27,349.44,88.74,-16.54,5/23/23,29.5898
5/23/23,18:15:00,2023-05-23 18:15:00,2023-05-23 14:15:00,90.26,349.78,88.83,-16.02,5/23/23,29.5537
5/23/23,18:30:00,2023-05-23 18:30:00,2023-05-23 14:30:00,90.38,352.69,89.65,-11.5,5/23/23,29.5321
5/23/23,18:45:00,2023-05-23 18:45:00,2023-05-23 14:45:00,90.03,344.2,86.63,-24.52,5/23/23,29.4975
5/23/23,19:00:00,2023-05-23 19:00:00,2023-05-23 15:00:00,90.11,344.52,86.84,-24.05,5/23/23,29.4557
5/23/23,19:15:00,2023-05-23 19:15:00,2023-05-23 15:15:00,93.83,352.36,93,-12.48,5/23/23,29.4874
5/23/23,19:30:00,2023-05-23 19:30:00,2023-05-23 15:30:00,88.84,16.71,85.09,25.54,5/23/23,29.7732
5/23/23,19:45:00,2023-05-23 19:45:00,2023-05-23 15:45:00,81.79,20.99,76.36,29.3,5/23/23,30.1064
5/23/23,20:00:00,2023-05-23 20:00:00,2023-05-23 16:00:00,81.78,20.98,76.36,29.28,5/23/23,30.2908
5/23/23,20:15:00,2023-05-23 20:15:00,2023-05-23 16:15:00,81.76,20.97,76.35,29.26,5/23/23,30.3199
5/23/23,20:30:00,2023-05-23 20:30:00,2023-05-23 16:30:00,81.77,20.99,76.35,29.29,5/23/23,30.2835
5/23/23,20:45:00,2023-05-23 20:45:00,2023-05-23 16:45:00,81.77,21,76.34,29.31,5/23/23,30.2428
5/23/23,21:00:00,2023-05-23 21:00:00,2023-05-23 17:00:00,81.77,20.97,76.36,29.26,5/23/23,30.2094
5/23/23,21:15:00,2023-05-23 21:15:00,2023-05-23 17:15:00,81.78,21,76.35,29.3,5/23/23,30.176
5/23/23,21:30:00,2023-05-23 21:30:00,2023-05-23 17:30:00,81.78,20.99,76.36,29.29,5/23/23,30.1354
5/23/23,21:45:00,2023-05-23 21:45:00,2023-05-23 17:45:00,81.79,21,76.36,29.31,5/23/23,30.0759
5/23/23,22:00:00,2023-05-23 22:00:00,2023-05-23 18:00:00,81.79,20.98,76.37,29.29,5/23/23,30.0309
5/23/23,22:15:00,2023-05-23 22:15:00,2023-05-23 18:15:00,81.79,21.02,76.35,29.34,5/23/23,29.9904
5/23/23,22:30:00,2023-05-23 22:30:00,2023-05-23 18:30:00,81.79,21.01,76.35,29.33,5/23/23,29.9397
5/23/23,22:45:00,2023-05-23 22:45:00,2023-05-23 18:45:00,81.8,21.01,76.36,29.33,5/23/23,29.8817
5/23/23,23:00:00,2023-05-23 23:00:00,2023-05-23 19:00:00,81.8,20.99,76.37,29.31,5/23/23,29.8094
5/23/23,23:15:00,2023-05-23 23:15:00,2023-05-23 19:15:00,81.81,21.02,76.36,29.34,5/23/23,29.7313
5/23/23,23:30:00,2023-05-23 23:30:00,2023-05-23 19:30:00,81.82,21.05,76.36,29.39,5/23/23,29.6475
5/23/23,23:45:00,2023-05-23 23:45:00,2023-05-23 19:45:00,81.81,21.07,76.34,29.41,5/23/23,29.5681
5/24/23,00:00:00,2023-05-24 00:00:00,2023-05-23 20:00:00,81.82,21.05,76.36,29.39,5/24/23,29.4946
5/24/23,00:15:00,2023-05-24 00:15:00,2023-05-23 20:15:00,81.81,21.07,76.35,29.41,5/24/23,29.4196
5/24/23,00:30:00,2023-05-24 00:30:00,2023-05-23 20:30:00,81.81,21.07,76.34,29.41,5/24/23,29.3476
5/24/23,00:45:00,2023-05-24 00:45:00,2023-05-23 20:45:00,81.81,21.09,76.33,29.43,5/24/23,29.2814
5/24/23,01:00:00,2023-05-24 01:00:00,2023-05-23 21:00:00,81.82,21.11,76.32,29.47,5/24/23,29.2196
5/24/23,01:15:00,2023-05-24 01:15:00,2023-05-23 21:15:00,81.82,21.1,76.33,29.45,5/24/23,29.1563
5/24/23,01:30:00,2023-05-24 01:30:00,2023-05-23 21:30:00,81.82,21.1,76.33,29.46,5/24/23,29.0945
5/24/23,01:45:00,2023-05-24 01:45:00,2023-05-23 21:45:00,81.82,21.12,76.33,29.48,5/24/23,29.0314
5/24/23,02:00:00,2023-05-24 02:00:00,2023-05-23 22:00:00,81.82,21.13,76.32,29.49,5/24/23,28.9625
5/24/23,02:15:00,2023-05-24 02:15:00,2023-05-23 22:15:00,81.83,21.12,76.34,29.49,5/24/23,28.8707
5/24/23,02:30:00,2023-05-24 02:30:00,2023-05-23 22:30:00,81.83,21.13,76.32,29.5,5/24/23,28.7747
5/24/23,02:45:00,2023-05-24 02:45:00,2023-05-23 22:45:00,81.83,21.14,76.33,29.52,5/24/23,28.6774
5/24/23,03:00:00,2023-05-24 03:00:00,2023-05-23 23:00:00,81.84,21.15,76.33,29.53,5/24/23,28.5888
5/24/23,03:15:00,2023-05-24 03:15:00,2023-05-23 23:15:00,81.84,21.18,76.31,29.57,5/24/23,28.5173
5/24/23,03:30:00,2023-05-24 03:30:00,2023-05-23 23:30:00,81.85,21.16,76.33,29.55,5/24/23,28.4545
5/24/23,03:45:00,2023-05-24 03:45:00,2023-05-23 23:45:00,81.85,21.17,76.33,29.56,5/24/23,28.3874
5/24/23,04:00:00,2023-05-24 04:00:00,2023-05-24 00:00:00,81.85,21.19,76.31,29.59,5/24/23,28.3075
5/24/23,04:15:00,2023-05-24 04:15:00,2023-05-24 00:15:00,81.86,21.19,76.33,29.59,5/24/23,28.2306
5/24/23,04:30:00,2023-05-24 04:30:00,2023-05-24 00:30:00,81.85,21.16,76.33,29.54,5/24/23,28.1522
5/24/23,04:45:00,2023-05-24 04:45:00,2023-05-24 00:45:00,81.85,21.21,76.31,29.61,5/24/23,28.0754
5/24/23,05:00:00,2023-05-24 05:00:00,2023-05-24 01:00:00,81.86,21.25,76.29,29.67,5/24/23,27.9986
5/24/23,05:15:00,2023-05-24 05:15:00,2023-05-24 01:15:00,81.86,21.23,76.3,29.65,5/24/23,27.9218
5/24/23,05:30:00,2023-05-24 05:30:00,2023-05-24 01:30:00,81.87,21.23,76.31,29.64,5/24/23,27.8522
5/24/23,05:45:00,2023-05-24 05:45:00,2023-05-24 01:45:00,81.87,21.26,76.3,29.68,5/24/23,27.7812
5/24/23,06:00:00,2023-05-24 06:00:00,2023-05-24 02:00:00,81.86,21.22,76.31,29.63,5/24/23,27.7202
5/24/23,06:15:00,2023-05-24 06:15:00,2023-05-24 02:15:00,81.87,21.22,76.32,29.63,5/24/23,27.6621
5/24/23,06:30:00,2023-05-24 06:30:00,2023-05-24 02:30:00,81.87,21.23,76.31,29.65,5/24/23,27.5968
5/24/23,06:45:00,2023-05-24 06:45:00,2023-05-24 02:45:00,81.88,21.2,76.34,29.61,5/24/23,27.5303
5/24/23,07:00:00,2023-05-24 07:00:00,2023-05-24 03:00:00,81.88,21.21,76.33,29.63,5/24/23,27.4609
5/24/23,07:15:00,2023-05-24 07:15:00,2023-05-24 03:15:00,81.88,21.21,76.33,29.63,5/24/23,27.3972
5/24/23,07:30:00,2023-05-24 07:30:00,2023-05-24 03:30:00,81.88,21.21,76.33,29.62,5/24/23,27.3364
5/24/23,07:45:00,2023-05-24 07:45:00,2023-05-24 03:45:00,81.88,21.22,76.33,29.64,5/24/23,27.2756
5/24/23,08:00:00,2023-05-24 08:00:00,2023-05-24 04:00:00,81.89,21.21,76.34,29.62,5/24/23,27.2148
5/24/23,08:15:00,2023-05-24 08:15:00,2023-05-24 04:15:00,81.89,21.24,76.33,29.66,5/24/23,27.164
5/24/23,08:30:00,2023-05-24 08:30:00,2023-05-24 04:30:00,81.89,21.21,76.35,29.63,5/24/23,27.116
5/24/23,08:45:00,2023-05-24 08:45:00,2023-05-24 04:45:00,81.9,21.22,76.34,29.65,5/24/23,27.0722
5/24/23,09:00:00,2023-05-24 09:00:00,2023-05-24 05:00:00,81.89,21.22,76.33,29.64,5/24/23,27.0355
5/24/23,09:15:00,2023-05-24 09:15:00,2023-05-24 05:15:00,81.89,21.21,76.34,29.63,5/24/23,27.0017
5/24/23,09:30:00,2023-05-24 09:30:00,2023-05-24 05:30:00,81.9,21.24,76.33,29.68,5/24/23,26.9566
5/24/23,09:45:00,2023-05-24 09:45:00,2023-05-24 05:45:00,81.9,21.24,76.34,29.66,5/24/23,26.9157
5/24/23,10:00:00,2023-05-24 10:00:00,2023-05-24 06:00:00,81.9,21.22,76.35,29.65,5/24/23,26.8833
5/24/23,10:15:00,2023-05-24 10:15:00,2023-05-24 06:15:00,81.9,21.26,76.33,29.69,5/24/23,26.8537
5/24/23,10:30:00,2023-05-24 10:30:00,2023-05-24 06:30:00,81.9,21.23,76.34,29.66,5/24/23,26.8297
5/24/23,10:45:00,2023-05-24 10:45:00,2023-05-24 06:45:00,81.9,21.23,76.34,29.66,5/24/23,26.8114
5/24/23,11:00:00,2023-05-24 11:00:00,2023-05-24 07:00:00,81.91,21.22,76.36,29.64,5/24/23,26.81
5/24/23,11:15:00,2023-05-24 11:15:00,2023-05-24 07:15:00,81.91,21.23,76.35,29.66,5/24/23,26.8213
5/24/23,11:30:00,2023-05-24 11:30:00,2023-05-24 07:30:00,81.91,21.23,76.35,29.66,5/24/23,26.8424
5/24/23,11:45:00,2023-05-24 11:45:00,2023-05-24 07:45:00,81.9,21.22,76.35,29.65,5/24/23,26.8847
5/24/23,12:00:00,2023-05-24 12:00:00,2023-05-24 08:00:00,81.9,21.23,76.34,29.65,5/24/23,26.9439
5/24/23,12:15:00,2023-05-24 12:15:00,2023-05-24 08:15:00,81.89,21.22,76.34,29.64,5/24/23,27.0285
5/24/23,12:30:00,2023-05-24 12:30:00,2023-05-24 08:30:00,81.89,21.2,76.34,29.61,5/24/23,27.1428
5/24/23,12:45:00,2023-05-24 12:45:00,2023-05-24 08:45:00,81.88,21.17,76.35,29.57,5/24/23,27.2869
5/24/23,13:00:00,2023-05-24 13:00:00,2023-05-24 09:00:00,81.87,21.17,76.35,29.57,5/24/23,27.468
5/24/23,13:15:00,2023-05-24 13:15:00,2023-05-24 09:15:00,81.86,21.2,76.32,29.6,5/24/23,27.6932
5/24/23,13:30:00,2023-05-24 13:30:00,2023-05-24 09:30:00,81.85,21.2,76.31,29.59,5/24/23,27.9403
5/24/23,13:45:00,2023-05-24 13:45:00,2023-05-24 09:45:00,81.84,21.12,76.35,29.49,5/24/23,28.2135
5/24/23,14:00:00,2023-05-24 14:00:00,2023-05-24 10:00:00,81.82,21.11,76.33,29.46,5/24/23,28.5173
5/24/23,14:15:00,2023-05-24 14:15:00,2023-05-24 10:15:00,81.81,21.08,76.33,29.42,5/24/23,28.8363
5/24/23,14:30:00,2023-05-24 14:30:00,2023-05-24 10:30:00,81.79,21.04,76.33,29.37,5/24/23,29.1448
5/24/23,14:45:00,2023-05-24 14:45:00,2023-05-24 10:45:00,81.77,20.99,76.35,29.29,5/24/23,29.4412
5/24/23,15:00:00,2023-05-24 15:00:00,2023-05-24 11:00:00,81.75,20.96,76.34,29.24,5/24/23,29.7342
5/24/23,15:15:00,2023-05-24 15:15:00,2023-05-24 11:15:00,81.75,20.93,76.36,29.2,5/24/23,30.0309
5/24/23,15:30:00,2023-05-24 15:30:00,2023-05-24 11:30:00,81.72,20.78,76.4,29,5/24/23,30.3373
5/24/23,15:45:00,2023-05-24 15:45:00,2023-05-24 11:45:00,81.71,20.93,76.31,29.19,5/24/23,30.6476
5/24/23,16:00:00,2023-05-24 16:00:00,2023-05-24 12:00:00,81.69,20.96,76.29,29.23,5/24/23,30.9561
5/24/23,16:15:00,2023-05-24 16:15:00,2023-05-24 12:15:00,81.68,20.99,76.26,29.26,5/24/23,31.2612
5/24/23,16:30:00,2023-05-24 16:30:00,2023-05-24 12:30:00,81.65,21.03,76.21,29.3,5/24/23,31.5511
5/24/23,16:45:00,2023-05-24 16:45:00,2023-05-24 12:45:00,81.64,21.03,76.2,29.3,5/24/23,31.8021
5/24/23,17:00:00,2023-05-24 17:00:00,2023-05-24 13:00:00,81.64,21.01,76.21,29.27,5/24/23,32.0317
5/24/23,17:15:00,2023-05-24 17:15:00,2023-05-24 13:15:00,81.63,20.99,76.21,29.24,5/24/23,32.241
5/24/23,17:30:00,2023-05-24 17:30:00,2023-05-24 13:30:00,81.62,20.98,76.21,29.23,5/24/23,32.4211
5/24/23,17:45:00,2023-05-24 17:45:00,2023-05-24 13:45:00,81.62,20.99,76.2,29.23,5/24/23,32.5418
5/24/23,18:00:00,2023-05-24 18:00:00,2023-05-24 14:00:00,81.61,20.97,76.21,29.2,5/24/23,32.6015
5/24/23,18:15:00,2023-05-24 18:15:00,2023-05-24 14:15:00,81.62,20.98,76.21,29.22,5/24/23,32.609
5/24/23,18:30:00,2023-05-24 18:30:00,2023-05-24 14:30:00,81.62,20.99,76.21,29.24,5/24/23,32.5881
5/24/23,18:45:00,2023-05-24 18:45:00,2023-05-24 14:45:00,81.62,21,76.2,29.24,5/24/23,32.5642
5/24/23,19:00:00,2023-05-24 19:00:00,2023-05-24 15:00:00,81.64,21,76.22,29.26,5/24/23,32.5314
5/24/23,19:15:00,2023-05-24 19:15:00,2023-05-24 15:15:00,81.64,20.94,76.25,29.18,5/24/23,32.503
5/24/23,19:30:00,2023-05-24 19:30:00,2023-05-24 15:30:00,81.65,21.02,76.22,29.29,5/24/23,32.4628
5/24/23,19:45:00,2023-05-24 19:45:00,2023-05-24 15:45:00,81.65,21,76.22,29.26,5/24/23,32.4151
5/24/23,20:00:00,2023-05-24 20:00:00,2023-05-24 16:00:00,81.65,21.04,76.21,29.31,5/24/23,32.363
5/24/23,20:15:00,2023-05-24 20:15:00,2023-05-24 16:15:00,81.65,21,76.23,29.27,5/24/23,32.299
5/24/23,20:30:00,2023-05-24 20:30:00,2023-05-24 16:30:00,81.65,21.03,76.22,29.29,5/24/23,32.2306
5/24/23,20:45:00,2023-05-24 20:45:00,2023-05-24 16:45:00,86.51,228.77,-57.02,-65.06,5/24/23,32.1682
5/24/23,21:00:00,2023-05-24 21:00:00,2023-05-24 17:00:00,79.05,314.92,55.81,-55.98,5/24/23,32.1504
5/24/23,21:15:00,2023-05-24 21:15:00,2023-05-24 17:15:00,94.31,224.31,-67.49,-65.87,5/24/23,32.293
5/24/23,21:30:00,2023-05-24 21:30:00,2023-05-24 17:30:00,94.99,258.21,-19.41,-92.98,5/24/23,32.5329
5/24/23,21:45:00,2023-05-24 21:45:00,2023-05-24 17:45:00,86.44,201.56,-80.39,-31.77,5/24/23,32.751
5/24/23,22:00:00,2023-05-24 22:00:00,2023-05-24 18:00:00,88.61,178.29,-88.57,2.65,5/24/23,32.9622
5/24/23,22:15:00,2023-05-24 22:15:00,2023-05-24 18:15:00,91.89,160.59,-86.67,30.53,5/24/23,33.0913
5/24/23,22:30:00,2023-05-24 22:30:00,2023-05-24 18:30:00,92.48,225.66,-64.64,-66.14,5/24/23,33.1815
5/24/23,22:45:00,2023-05-24 22:45:00,2023-05-24 18:45:00,93.85,258.78,-18.27,-92.06,5/24/23,33.1981
5/24/23,23:00:00,2023-05-24 23:00:00,2023-05-24 19:00:00,84.09,165.46,-81.4,21.11,5/24/23,33.1921
5/24/23,23:15:00,2023-05-24 23:15:00,2023-05-24 19:15:00,89.62,87.37,4.11,89.53,5/24/23,33.165
5/24/23,23:30:00,2023-05-24 23:30:00,2023-05-24 19:30:00,89.84,262.22,-12.16,-89.02,5/24/23,33.1289
5/24/23,23:45:00,2023-05-24 23:45:00,2023-05-24 19:45:00,89.83,260.58,-14.71,-88.62,5/24/23,33.1304
5/25/23,00:00:00,2023-05-25 00:00:00,2023-05-24 20:00:00,89.85,260.66,-14.59,-88.66,5/25/23,33.0973
5/25/23,00:15:00,2023-05-25 00:15:00,2023-05-24 20:15:00,89.84,259.73,-16.02,-88.4,5/25/23,33.0087
5/25/23,00:30:00,2023-05-25 00:30:00,2023-05-24 20:30:00,89.83,259.72,-16.03,-88.39,5/25/23,32.8723
5/25/23,00:45:00,2023-05-25 00:45:00,2023-05-24 20:45:00,89.81,259.56,-16.28,-88.33,5/25/23,32.7061
5/25/23,01:00:00,2023-05-25 01:00:00,2023-05-24 21:00:00,60.64,274.38,4.64,-60.46,5/25/23,32.5493
5/25/23,01:15:00,2023-05-25 01:15:00,2023-05-24 21:15:00,61.78,308.9,38.8,-48.08,5/25/23,32.3273
5/25/23,01:30:00,2023-05-25 01:30:00,2023-05-24 21:30:00,64.45,322.01,50.79,-39.67,5/25/23,32.0999
5/25/23,01:45:00,2023-05-25 01:45:00,2023-05-24 21:45:00,66.22,320.89,51.38,-41.77,5/25/23,31.8983
5/25/23,02:00:00,2023-05-25 02:00:00,2023-05-24 22:00:00,64.88,258.94,-12.44,-63.68,5/25/23,31.7209
5/25/23,02:15:00,2023-05-25 02:15:00,2023-05-24 22:15:00,64.91,258.93,-12.46,-63.7,5/25/23,31.56
5/25/23,02:30:00,2023-05-25 02:30:00,2023-05-24 22:30:00,64.92,258.95,-12.44,-63.72,5/25/23,31.4053
5/25/23,02:45:00,2023-05-25 02:45:00,2023-05-24 22:45:00,65.71,274.9,5.61,-65.47,5/25/23,31.2538
5/25/23,03:00:00,2023-05-25 03:00:00,2023-05-24 23:00:00,64.96,274.56,5.16,-64.76,5/25/23,31.1026
5/25/23,03:15:00,2023-05-25 03:15:00,2023-05-24 23:15:00,64.97,274.53,5.14,-64.77,5/25/23,30.9619
5/25/23,03:30:00,2023-05-25 03:30:00,2023-05-24 23:30:00,64.98,274.61,5.22,-64.77,5/25/23,30.8361
5/25/23,03:45:00,2023-05-25 03:45:00,2023-05-24 23:45:00,64.99,274.57,5.18,-64.79,5/25/23,30.7177
5/25/23,04:00:00,2023-05-25 04:00:00,2023-05-25 00:00:00,65.01,274.61,5.23,-64.8,5/25/23,30.6053
5/25/23,04:15:00,2023-05-25 04:15:00,2023-05-25 00:15:00,65.01,274.61,5.23,-64.8,5/25/23,30.4945
5/25/23,04:30:00,2023-05-25 04:30:00,2023-05-25 00:30:00,65.03,274.61,5.23,-64.82,5/25/23,30.3912
5/25/23,04:45:00,2023-05-25 04:45:00,2023-05-25 00:45:00,65.03,274.55,5.15,-64.83,5/25/23,30.2864
5/25/23,05:00:00,2023-05-25 05:00:00,2023-05-25 01:00:00,65.04,274.59,5.21,-64.83,5/25/23,30.1891
5/25/23,05:15:00,2023-05-25 05:15:00,2023-05-25 01:15:00,65.05,274.59,5.2,-64.85,5/25/23,30.0919
5/25/23,05:30:00,2023-05-25 05:30:00,2023-05-25 01:30:00,65.05,274.58,5.2,-64.85,5/25/23,29.9991
5/25/23,05:45:00,2023-05-25 05:45:00,2023-05-25 01:45:00,65.07,274.58,5.19,-64.86,5/25/23,29.9063
5/25/23,06:00:00,2023-05-25 06:00:00,2023-05-25 02:00:00,65.08,274.58,5.2,-64.87,5/25/23,29.821
5/25/23,06:15:00,2023-05-25 06:15:00,2023-05-25 02:15:00,65.09,274.57,5.19,-64.88,5/25/23,29.7371
5/25/23,06:30:00,2023-05-25 06:30:00,2023-05-25 02:30:00,65.1,274.54,5.15,-64.89,5/25/23,29.6547
5/25/23,06:45:00,2023-05-25 06:45:00,2023-05-25 02:45:00,65.1,274.54,5.16,-64.9,5/25/23,29.5753
5/25/23,07:00:00,2023-05-25 07:00:00,2023-05-25 03:00:00,65.11,274.56,5.18,-64.9,5/25/23,29.4975
5/25/23,07:15:00,2023-05-25 07:15:00,2023-05-25 03:15:00,65.11,274.46,5.06,-64.92,5/25/23,29.4182
5/25/23,07:30:00,2023-05-25 07:30:00,2023-05-25 03:30:00,65.12,274.44,5.04,-64.93,5/25/23,29.3433
5/25/23,07:45:00,2023-05-25 07:45:00,2023-05-25 03:45:00,65.13,274.49,5.1,-64.93,5/25/23,29.267
5/25/23,08:00:00,2023-05-25 08:00:00,2023-05-25 04:00:00,65.13,274.49,5.1,-64.93,5/25/23,29.1908
5/25/23,08:15:00,2023-05-25 08:15:00,2023-05-25 04:15:00,65.15,274.44,5.04,-64.95,5/25/23,29.1146
5/25/23,08:30:00,2023-05-25 08:30:00,2023-05-25 04:30:00,65.15,274.43,5.03,-64.95,5/25/23,29.0428
5/25/23,08:45:00,2023-05-25 08:45:00,2023-05-25 04:45:00,65.15,274.46,5.07,-64.95,5/25/23,28.9682
5/25/23,09:00:00,2023-05-25 09:00:00,2023-05-25 05:00:00,65.15,274.43,5.03,-64.96,5/25/23,28.8965
5/25/23,09:15:00,2023-05-25 09:15:00,2023-05-25 05:15:00,65.16,274.42,5.02,-64.97,5/25/23,28.8249
5/25/23,09:30:00,2023-05-25 09:30:00,2023-05-25 05:30:00,65.17,274.43,5.03,-64.97,5/25/23,28.7518
5/25/23,09:45:00,2023-05-25 09:45:00,2023-05-25 05:45:00,65.16,274.42,5.02,-64.97,5/25/23,28.6789
5/25/23,10:00:00,2023-05-25 10:00:00,2023-05-25 06:00:00,65.17,274.43,5.04,-64.98,5/25/23,28.6031
5/25/23,10:15:00,2023-05-25 10:15:00,2023-05-25 06:15:00,65.18,274.37,4.96,-64.99,5/25/23,28.5273
5/25/23,10:30:00,2023-05-25 10:30:00,2023-05-25 06:30:00,65.18,274.34,4.93,-64.99,5/25/23,28.4502
5/25/23,10:45:00,2023-05-25 10:45:00,2023-05-25 06:45:00,65.19,274.35,4.94,-65,5/25/23,28.3803
5/25/23,11:00:00,2023-05-25 11:00:00,2023-05-25 07:00:00,65.19,274.37,4.97,-65.01,5/25/23,28.3104
5/25/23,11:15:00,2023-05-25 11:15:00,2023-05-25 07:15:00,65.21,274.3,4.89,-65.02,5/25/23,28.2462
5/25/23,11:30:00,2023-05-25 11:30:00,2023-05-25 07:30:00,65.21,274.32,4.92,-65.02,5/25/23,28.1878
5/25/23,11:45:00,2023-05-25 11:45:00,2023-05-25 07:45:00,65.21,274.3,4.89,-65.02,5/25/23,28.1366
5/25/23,12:00:00,2023-05-25 12:00:00,2023-05-25 08:00:00,65.21,274.38,4.98,-65.01,5/25/23,28.0896
5/25/23,12:15:00,2023-05-25 12:15:00,2023-05-25 08:15:00,65.21,274.36,4.96,-65.02,5/25/23,28.0498
5/25/23,12:30:00,2023-05-25 12:30:00,2023-05-25 08:30:00,67.33,322.45,53.38,-41.03,5/25/23,28.0142
5/25/23,12:45:00,2023-05-25 12:45:00,2023-05-25 08:45:00,67.32,322.61,53.49,-40.88,5/25/23,27.9943
5/25/23,13:00:00,2023-05-25 13:00:00,2023-05-25 09:00:00,67.34,322.64,53.52,-40.87,5/25/23,28.0213
5/25/23,13:15:00,2023-05-25 13:15:00,2023-05-25 09:15:00,67.34,322.78,53.62,-40.73,5/25/23,28.0853
5/25/23,13:30:00,2023-05-25 13:30:00,2023-05-25 09:30:00,67.35,322.66,53.54,-40.85,5/25/23,28.1793
5/25/23,13:45:00,2023-05-25 13:45:00,2023-05-25 09:45:00,67.34,322.56,53.47,-40.94,5/25/23,28.2947
5/25/23,14:00:00,2023-05-25 14:00:00,2023-05-25 10:00:00,68.24,307.93,41.95,-53.83,5/25/23,28.4302
5/25/23,14:15:00,2023-05-25 14:15:00,2023-05-25 10:15:00,68.15,308.45,42.38,-53.37,5/25/23,28.5788
5/25/23,14:30:00,2023-05-25 14:30:00,2023-05-25 10:30:00,83.53,288.09,25.94,-79.4,5/25/23,28.696
5/25/23,14:45:00,2023-05-25 14:45:00,2023-05-25 10:45:00,69.47,282.89,15.49,-67.72,5/25/23,28.7404
5/25/23,15:00:00,2023-05-25 15:00:00,2023-05-25 11:00:00,63.28,253.68,-17.78,-60.73,5/25/23,28.7776
5/25/23,15:15:00,2023-05-25 15:15:00,2023-05-25 11:15:00,66.63,274.73,5.49,-66.4,5/25/23,28.7533
5/25/23,15:30:00,2023-05-25 15:30:00,2023-05-25 11:30:00,66.73,274.36,5.07,-66.53,5/25/23,28.7089
5/25/23,15:45:00,2023-05-25 15:45:00,2023-05-25 11:45:00,66.6,274.87,5.66,-66.36,5/25/23,28.6317
5/25/23,16:00:00,2023-05-25 16:00:00,2023-05-25 12:00:00,66.86,274.84,5.64,-66.62,5/25/23,28.5159
5/25/23,16:15:00,2023-05-25 16:15:00,2023-05-25 12:15:00,66.87,274.84,5.64,-66.63,5/25/23,28.3674
5/25/23,16:30:00,2023-05-25 16:30:00,2023-05-25 12:30:00,66.53,268.16,-2.14,-66.49,5/25/23,28.1921
5/25/23,16:45:00,2023-05-25 16:45:00,2023-05-25 12:45:00,85.49,261.54,-12.57,-84.56,5/25/23,28.0028
5/25/23,17:00:00,2023-05-25 17:00:00,2023-05-25 13:00:00,72.31,295.7,31.36,-65.16,5/25/23,27.7727
5/25/23,17:15:00,2023-05-25 17:15:00,2023-05-25 13:15:00,72.47,296.95,32.85,-64.6,5/25/23,27.6195
5/25/23,17:30:00,2023-05-25 17:30:00,2023-05-25 13:30:00,73.48,292.47,28.09,-67.9,5/25/23,27.4821
5/25/23,17:45:00,2023-05-25 17:45:00,2023-05-25 13:45:00,72.55,299.55,35.79,-63.11,5/25/23,27.3647
5/25/23,18:00:00,2023-05-25 18:00:00,2023-05-25 14:00:00,72.13,300.79,36.92,-61.97,5/25/23,27.2558
5/25/23,18:15:00,2023-05-25 18:15:00,2023-05-25 14:15:00,72.31,285.29,19.07,-69.75,5/25/23,27.1499
5/25/23,18:30:00,2023-05-25 18:30:00,2023-05-25 14:30:00,72.86,292.44,27.81,-67.34,5/25/23,27.0468
5/25/23,18:45:00,2023-05-25 18:45:00,2023-05-25 14:45:00,72.06,301,37.12,-61.77,5/25/23,26.9453
5/25/23,19:00:00,2023-05-25 19:00:00,2023-05-25 15:00:00,72.36,298.79,34.85,-63.41,5/25/23,26.8438
5/25/23,19:15:00,2023-05-25 19:15:00,2023-05-25 15:15:00,71.88,298.2,33.97,-63.35,5/25/23,26.7424
5/25/23,19:30:00,2023-05-25 19:30:00,2023-05-25 15:30:00,71.85,298.33,34.1,-63.25,5/25/23,26.6369
5/25/23,19:45:00,2023-05-25 19:45:00,2023-05-25 15:45:00,70.9,291.03,25.44,-66.18,5/25/23,26.5287
5/25/23,20:00:00,2023-05-25 20:00:00,2023-05-25 16:00:00,61.3,291.2,22.16,-57.16,5/25/23,26.4556
5/25/23,20:15:00,2023-05-25 20:15:00,2023-05-25 16:15:00,60.86,306.89,36.53,-48.68,5/25/23,26.3685
5/25/23,20:30:00,2023-05-25 20:30:00,2023-05-25 16:30:00,65.8,309.67,42,-50.65,5/25/23,26.2535
5/25/23,20:45:00,2023-05-25 20:45:00,2023-05-25 16:45:00,65.96,310.53,42.86,-50.13,5/25/23,26.1525
5/25/23,21:00:00,2023-05-25 21:00:00,2023-05-25 17:00:00,69.13,314.46,48.41,-49.34,5/25/23,26.0951
5/25/23,21:15:00,2023-05-25 21:15:00,2023-05-25 17:15:00,69.12,314.49,48.44,-49.31,5/25/23,26.1245
5/25/23,21:30:00,2023-05-25 21:30:00,2023-05-25 17:30:00,69.12,314.39,48.35,-49.39,5/25/23,26.1778
5/25/23,21:45:00,2023-05-25 21:45:00,2023-05-25 17:45:00,69.11,314.53,48.47,-49.26,5/25/23,26.2339
5/25/23,22:00:00,2023-05-25 22:00:00,2023-05-25 18:00:00,69.1,315.35,49.16,-48.56,5/25/23,26.2914
5/25/23,22:15:00,2023-05-25 22:15:00,2023-05-25 18:15:00,69.1,315.4,49.2,-48.52,5/25/23,26.3447
5/25/23,22:30:00,2023-05-25 22:30:00,2023-05-25 18:30:00,69.1,315.36,49.17,-48.55,5/25/23,26.4008
5/25/23,22:45:00,2023-05-25 22:45:00,2023-05-25 18:45:00,69.1,315.43,49.23,-48.49,5/25/23,26.4528
5/25/23,23:00:00,2023-05-25 23:00:00,2023-05-25 19:00:00,69.09,315.39,49.19,-48.52,5/25/23,26.5048
5/25/23,23:15:00,2023-05-25 23:15:00,2023-05-25 19:15:00,69.09,315.47,49.25,-48.46,5/25/23,26.5568
5/25/23,23:30:00,2023-05-25 23:30:00,2023-05-25 19:30:00,69.09,315.42,49.21,-48.5,5/25/23,26.606
5/25/23,23:45:00,2023-05-25 23:45:00,2023-05-25 19:45:00,68.78,294.19,28.18,-62.74,5/25/23,26.6538
5/26/23,00:00:00,2023-05-26 00:00:00,2023-05-25 20:00:00,69.78,281.58,14.01,-68.36,5/26/23,26.7016
5/26/23,00:15:00,2023-05-26 00:15:00,2023-05-25 20:15:00,69.78,281.6,14.03,-68.36,5/26/23,26.7439
5/26/23,00:30:00,2023-05-26 00:30:00,2023-05-25 20:30:00,69.78,281.61,14.04,-68.36,5/26/23,26.7847
5/26/23,00:45:00,2023-05-26 00:45:00,2023-05-25 20:45:00,69.65,281.05,13.35,-68.36,5/26/23,26.8227
5/26/23,01:00:00,2023-05-26 01:00:00,2023-05-25 21:00:00,69.65,280.99,13.28,-68.37,5/26/23,26.8565
5/26/23,01:15:00,2023-05-26 01:15:00,2023-05-25 21:15:00,69.65,281.04,13.34,-68.36,5/26/23,26.8847
5/26/23,01:30:00,2023-05-26 01:30:00,2023-05-25 21:30:00,69.64,281.03,13.32,-68.36,5/26/23,26.91
5/26/23,01:45:00,2023-05-26 01:45:00,2023-05-25 21:45:00,69.65,281.01,13.3,-68.37,5/26/23,26.927
5/26/23,02:00:00,2023-05-26 02:00:00,2023-05-25 22:00:00,69.65,280.98,13.27,-68.37,5/26/23,26.9382
5/26/23,02:15:00,2023-05-26 02:15:00,2023-05-25 22:15:00,69.59,281.25,13.57,-68.25,5/26/23,26.9453
5/26/23,02:30:00,2023-05-26 02:30:00,2023-05-25 22:30:00,69.57,281.06,13.35,-68.28,5/26/23,26.9382
5/26/23,02:45:00,2023-05-26 02:45:00,2023-05-25 22:45:00,69.57,281.08,13.37,-68.27,5/26/23,26.9129
5/26/23,03:00:00,2023-05-26 03:00:00,2023-05-25 23:00:00,69.57,281.05,13.34,-68.28,5/26/23,26.8748
5/26/23,03:15:00,2023-05-26 03:15:00,2023-05-25 23:15:00,69.57,281.02,13.3,-68.29,5/26/23,26.8326
5/26/23,03:30:00,2023-05-26 03:30:00,2023-05-25 23:30:00,92.78,260.8,-14.83,-91.59,5/26/23,26.7833
5/26/23,03:45:00,2023-05-26 03:45:00,2023-05-25 23:45:00,26.05,200.6,-24.39,-9.17,5/26/23,26.7382
5/26/23,04:00:00,2023-05-26 04:00:00,2023-05-26 00:00:00,26.04,200.63,-24.37,-9.17,5/26/23,26.6397
5/26/23,04:15:00,2023-05-26 04:15:00,2023-05-26 00:15:00,47.6,94.54,-3.76,47.45,5/26/23,26.4963
5/26/23,04:30:00,2023-05-26 04:30:00,2023-05-26 00:30:00,82.29,250.94,-26.87,-77.77,5/26/23,26.3896
5/26/23,04:45:00,2023-05-26 04:45:00,2023-05-26 00:45:00,82.29,251.34,-26.33,-77.96,5/26/23,26.3054
5/26/23,05:00:00,2023-05-26 05:00:00,2023-05-26 01:00:00,81.19,246.52,-32.35,-74.47,5/26/23,26.2619
5/26/23,05:15:00,2023-05-26 05:15:00,2023-05-26 01:15:00,77.12,274.4,5.91,-76.89,5/26/23,26.2282
5/26/23,05:30:00,2023-05-26 05:30:00,2023-05-26 01:30:00,78.16,83.27,9.17,77.62,5/26/23,26.1918
5/26/23,05:45:00,2023-05-26 05:45:00,2023-05-26 01:45:00,78.14,83.3,9.12,77.6,5/26/23,26.1525
5/26/23,06:00:00,2023-05-26 06:00:00,2023-05-26 02:00:00,76.07,9.3,75.07,12.29,5/26/23,26.1133
5/26/23,06:15:00,2023-05-26 06:15:00,2023-05-26 02:15:00,76.05,9.7,74.96,12.81,5/26/23,26.0643
5/26/23,06:30:00,2023-05-26 06:30:00,2023-05-26 02:30:00,77.78,112.2,-29.39,72.02,5/26/23,26.0041
5/26/23,06:45:00,2023-05-26 06:45:00,2023-05-26 02:45:00,77.8,112.14,-29.31,72.07,5/26/23,25.9369
5/26/23,07:00:00,2023-05-26 07:00:00,2023-05-26 03:00:00,77.68,112.08,-29.21,71.98,5/26/23,25.8641
5/26/23,07:15:00,2023-05-26 07:15:00,2023-05-26 03:15:00,77.62,112.04,-29.13,71.94,5/26/23,25.7928
5/26/23,07:30:00,2023-05-26 07:30:00,2023-05-26 03:30:00,77.54,112.31,-29.44,71.73,5/26/23,25.7201
5/26/23,07:45:00,2023-05-26 07:45:00,2023-05-26 03:45:00,77.65,113.28,-30.69,71.33,5/26/23,25.6488
5/26/23,08:00:00,2023-05-26 08:00:00,2023-05-26 04:00:00,77.74,113.17,-30.59,71.47,5/26/23,25.5762
5/26/23,08:15:00,2023-05-26 08:15:00,2023-05-26 04:15:00,77.66,258.85,-15.01,-76.19,5/26/23,25.5008
5/26/23,08:30:00,2023-05-26 08:30:00,2023-05-26 04:30:00,75.83,236.24,-42.13,-63.04,5/26/23,25.4088
5/26/23,08:45:00,2023-05-26 08:45:00,2023-05-26 04:45:00,77.02,236.13,-42.93,-63.94,5/26/23,25.3014
5/26/23,09:00:00,2023-05-26 09:00:00,2023-05-26 05:00:00,77.18,239.26,-39.45,-66.34,5/26/23,25.2053
5/26/23,09:15:00,2023-05-26 09:15:00,2023-05-26 05:15:00,77.39,242.08,-36.24,-68.38,5/26/23,25.105
5/26/23,09:30:00,2023-05-26 09:30:00,2023-05-26 05:30:00,77.5,262.58,-10.01,-76.85,5/26/23,25.0006
5/26/23,09:45:00,2023-05-26 09:45:00,2023-05-26 05:45:00,79.36,245.19,-33.3,-72.03,5/26/23,24.8908
5/26/23,10:00:00,2023-05-26 10:00:00,2023-05-26 06:00:00,77.69,206.29,-69.66,-34.41,5/26/23,24.8046
5/26/23,10:15:00,2023-05-26 10:15:00,2023-05-26 06:15:00,76.27,111.51,-27.97,70.96,5/26/23,24.7032
5/26/23,10:30:00,2023-05-26 10:30:00,2023-05-26 06:30:00,77.18,130.91,-50.55,58.32,5/26/23,24.5921
5/26/23,10:45:00,2023-05-26 10:45:00,2023-05-26 06:45:00,76.73,187.36,-76.1,-9.83,5/26/23,24.4825
5/26/23,11:00:00,2023-05-26 11:00:00,2023-05-26 07:00:00,76.69,272.98,3.99,-76.58,5/26/23,24.384
5/26/23,11:15:00,2023-05-26 11:15:00,2023-05-26 07:15:00,74.93,118.16,-35.36,66.06,5/26/23,24.2981
5/26/23,11:30:00,2023-05-26 11:30:00,2023-05-26 07:30:00,76.45,196.3,-73.38,-21.46,5/26/23,24.2218
5/26/23,11:45:00,2023-05-26 11:45:00,2023-05-26 07:45:00,76.32,196.48,-73.19,-21.66,5/26/23,24.1554
5/26/23,12:00:00,2023-05-26 12:00:00,2023-05-26 08:00:00,76.52,263.62,-8.5,-76.05,5/26/23,24.1014
5/26/23,12:15:00,2023-05-26 12:15:00,2023-05-26 08:15:00,85.1,172.32,-84.33,11.38,5/26/23,24.0986
5/26/23,12:30:00,2023-05-26 12:30:00,2023-05-26 08:30:00,85.09,172.13,-84.29,11.64,5/26/23,24.2357
5/26/23,12:45:00,2023-05-26 12:45:00,2023-05-26 08:45:00,92.65,206.87,-82.65,-41.87,5/26/23,24.4478
5/26/23,13:00:00,2023-05-26 13:00:00,2023-05-26 09:00:00,93.68,177.91,-93.62,3.42,5/26/23,24.6282
5/26/23,13:15:00,2023-05-26 13:15:00,2023-05-26 09:15:00,91.07,218.65,-71.12,-56.87,5/26/23,24.8379
5/26/23,13:30:00,2023-05-26 13:30:00,2023-05-26 09:30:00,88.54,233.84,-52.24,-71.48,5/26/23,25.0326
5/26/23,13:45:00,2023-05-26 13:45:00,2023-05-26 09:45:00,88.58,233.83,-52.28,-71.51,5/26/23,25.1329
5/26/23,14:00:00,2023-05-26 14:00:00,2023-05-26 10:00:00,88.6,233.84,-52.28,-71.53,5/26/23,25.1537
5/26/23,14:15:00,2023-05-26 14:15:00,2023-05-26 10:15:00,88.6,233.76,-52.37,-71.46,5/26/23,25.1259
5/26/23,14:30:00,2023-05-26 14:30:00,2023-05-26 10:30:00,88.61,233.8,-52.33,-71.5,5/26/23,25.066
5/26/23,14:45:00,2023-05-26 14:45:00,2023-05-26 10:45:00,88.62,233.97,-52.13,-71.67,5/26/23,24.9839
5/26/23,15:00:00,2023-05-26 15:00:00,2023-05-26 11:00:00,88.64,233.8,-52.35,-71.53,5/26/23,24.8908
5/26/23,15:15:00,2023-05-26 15:15:00,2023-05-26 11:15:00,90.58,284.92,23.33,-87.53,5/26/23,24.7921
5/26/23,15:30:00,2023-05-26 15:30:00,2023-05-26 11:30:00,90.58,284.9,23.29,-87.53,5/26/23,24.699
5/26/23,15:45:00,2023-05-26 15:45:00,2023-05-26 11:45:00,90.58,285.19,23.73,-87.42,5/26/23,24.6101
5/26/23,16:00:00,2023-05-26 16:00:00,2023-05-26 12:00:00,88.23,233.18,-52.88,-70.62,5/26/23,24.5255
5/26/23,16:15:00,2023-05-26 16:15:00,2023-05-26 12:15:00,88.2,233.18,-52.86,-70.61,5/26/23,24.4381
5/26/23,16:30:00,2023-05-26 16:30:00,2023-05-26 12:30:00,88.21,233.24,-52.79,-70.67,5/26/23,24.359
5/26/23,16:45:00,2023-05-26 16:45:00,2023-05-26 12:45:00,88.2,233.21,-52.82,-70.64,5/26/23,24.2828
5/26/23,17:00:00,2023-05-26 17:00:00,2023-05-26 13:00:00,84.53,109.68,-28.47,79.6,5/26/23,24.2122
5/26/23,17:15:00,2023-05-26 17:15:00,2023-05-26 13:15:00,89.42,181.88,-89.37,-2.93,5/26/23,24.1858
5/26/23,17:30:00,2023-05-26 17:30:00,2023-05-26 13:30:00,89.43,181.9,-89.38,-2.96,5/26/23,24.1166
5/26/23,17:45:00,2023-05-26 17:45:00,2023-05-26 13:45:00,89.43,181.89,-89.38,-2.95,5/26/23,24.0225
5/26/23,18:00:00,2023-05-26 18:00:00,2023-05-26 14:00:00,90.94,181.59,-90.91,-2.53,5/26/23,23.9159
5/26/23,18:15:00,2023-05-26 18:15:00,2023-05-26 14:15:00,90.95,181.57,-90.92,-2.49,5/26/23,23.8095
5/26/23,18:30:00,2023-05-26 18:30:00,2023-05-26 14:30:00,90.96,181.58,-90.92,-2.5,5/26/23,23.7072
5/26/23,18:45:00,2023-05-26 18:45:00,2023-05-26 14:45:00,90.95,181.55,-90.92,-2.46,5/26/23,23.6091
5/26/23,19:00:00,2023-05-26 19:00:00,2023-05-26 15:00:00,92.43,235.35,-52.55,-76.04,5/26/23,23.1551